order_id,customer_id,order_date,order_date_id,total_amount,status,shipping_cost,tax_amount
1,151,2024-09-04,20240904,2128.89,Completed,29.9,6.69
2,138,2024-12-12,20241212,2699.97,Completed,11.83,5.84
3,135,2024-03-04,20240304,3048.7,Completed,8.02,7.64
4,89,2024-07-24,20240724,1079.97,Completed,12.41,35.33
5,172,2024-12-02,20241202,1632.95,Completed,25.78,38.99
6,85,2025-04-27,20250427,5140.37,Completed,17.87,34.46
7,187,2023-08-30,20230830,1059.43,Shipped,23.15,18.79
8,117,2024-05-23,20240523,395.98,Completed,15.02,49.72
9,267,2024-01-16,20240116,1899.95,Processing,14.71,13.04
10,194,2024-02-05,20240205,799.98,Completed,16.74,36.15
11,137,2025-03-15,20250315,2726.22,Completed,21.62,35.92
12,84,2024-08-24,20240824,599.97,Shipped,10.73,21.21
13,119,2025-05-06,20250506,1070.82,Completed,6.58,17.07
14,166,2023-10-28,20231028,1610.9,Completed,29.65,23.93
15,252,2025-05-22,20250522,432.65,Shipped,8.6,22.72
16,212,2023-07-31,20230731,299.97,Completed,11.32,20.36
17,49,2025-04-20,20250420,1678.97,Processing,15.86,37.39
18,132,2024-03-05,20240305,859.96,Completed,6.7,16.4
19,45,2024-02-13,20240213,458.94,Cancelled,8.61,5.44
20,107,2025-04-25,20250425,1466.93,Shipped,8.06,32.56
21,273,2024-01-10,20240110,1750.93,Completed,15.34,19.78
22,111,2024-12-26,20241226,6475.85,Completed,8.86,23.37
23,80,2025-04-26,20250426,5440.92,Shipped,13.01,33.1
24,81,2024-06-18,20240618,2060.92,Completed,10.68,37.95
25,81,2025-04-23,20250423,2659.9,Shipped,5.99,24.1
26,153,2024-05-12,20240512,2098.98,Completed,27.79,14.42
27,41,2023-12-25,20231225,2861.94,Cancelled,18.65,13.93
28,291,2024-03-01,20240301,849.49,Completed,17.0,3.56
29,255,2023-10-29,20231029,389.97,Cancelled,14.8,33.79
30,261,2024-02-05,20240205,1289.95,Completed,14.11,22.73
31,192,2024-07-10,20240710,251.99,Completed,27.69,6.15
32,258,2023-09-24,20230924,4021.36,Completed,23.13,19.18
33,139,2024-05-31,20240531,2304.5,Completed,20.57,2.56
34,154,2024-08-26,20240826,3829.88,Shipped,9.69,20.08
35,175,2025-02-10,20250210,489.47,Completed,20.66,0.68
36,207,2024-06-25,20240625,3080.9,Completed,16.72,35.55
37,91,2025-01-29,20250129,3872.26,Shipped,12.28,25.24
38,274,2023-09-22,20230922,2009.91,Cancelled,13.52,18.59
39,93,2024-09-07,20240907,509.95,Completed,11.41,9.18
40,231,2024-09-05,20240905,179.97,Processing,24.33,29.33
41,241,2024-05-05,20240505,902.08,Cancelled,23.43,33.35
42,142,2024-07-04,20240704,1968.44,Completed,15.97,42.82
43,137,2025-04-02,20250402,3545.18,Completed,10.72,42.16
44,178,2024-03-26,20240326,1961.94,Processing,16.4,15.86
45,255,2025-01-12,20250112,159.98,Shipped,22.79,25.43
46,117,2024-12-30,20241230,1183.5,Completed,15.02,27.24
47,56,2024-10-05,20241005,4219.89,Processing,25.69,35.91
48,254,2024-09-15,20240915,6604.39,Completed,22.11,49.4
49,234,2024-02-22,20240222,599.97,Returned,21.65,42.3
50,173,2025-04-20,20250420,2214.18,Completed,19.97,35.82
51,253,2024-04-10,20240410,1899.48,Completed,15.41,5.87
52,290,2024-02-24,20240224,485.98,Shipped,13.99,2.91
53,178,2025-05-27,20250527,199.99,Processing,16.23,45.64
54,39,2024-02-29,20240229,3284.59,Completed,19.33,30.02
55,286,2025-02-12,20250212,3171.45,Completed,23.02,44.87
56,268,2025-06-21,20250621,129.99,Completed,6.95,7.37
57,198,2024-07-24,20240724,1829.91,Completed,12.21,30.05
58,172,2023-10-20,20231020,269.97,Completed,17.22,46.86
59,258,2023-10-10,20231010,999.96,Shipped,8.23,2.44
60,192,2024-01-09,20240109,1604.26,Completed,11.52,38.21
61,77,2025-01-06,20250106,119.98,Shipped,20.15,18.91
62,234,2023-07-22,20230722,379.98,Completed,26.01,24.06
63,219,2025-05-31,20250531,3196.8,Completed,6.99,15.99
64,185,2023-11-17,20231117,2167.45,Cancelled,10.28,4.4
65,269,2024-05-24,20240524,2756.89,Completed,26.88,6.92
66,158,2025-01-01,20250101,3747.86,Returned,8.8,16.0
67,114,2023-08-21,20230821,4177.71,Completed,11.96,13.38
68,123,2024-05-07,20240507,2798.72,Shipped,25.61,16.83
69,104,2024-01-04,20240104,1043.96,Shipped,10.79,28.95
70,65,2023-10-28,20231028,3923.43,Returned,22.73,38.75
71,86,2025-01-17,20250117,1458.93,Completed,25.74,41.49
72,69,2024-10-27,20241027,2169.35,Completed,25.24,41.25
73,78,2023-11-07,20231107,1078.26,Completed,28.48,26.26
74,104,2025-03-24,20250324,4747.44,Shipped,29.01,20.24
75,147,2024-06-26,20240626,2199.9,Completed,23.25,21.65
76,226,2023-09-01,20230901,1919.92,Completed,6.49,44.56
77,75,2024-09-18,20240918,4885.87,Shipped,11.52,41.0
78,98,2024-07-31,20240731,2277.92,Completed,22.11,36.7
79,255,2025-01-20,20250120,4046.43,Completed,12.68,5.7
80,62,2023-11-09,20231109,1956.41,Cancelled,11.65,19.15
81,50,2024-04-25,20240425,2786.44,Processing,9.8,4.31
82,91,2024-04-18,20240418,1909.57,Shipped,29.78,49.04
83,145,2024-03-28,20240328,1009.93,Processing,12.79,47.32
84,126,2025-02-17,20250217,1799.97,Processing,26.46,0.36
85,288,2023-09-18,20230918,643.97,Completed,11.24,26.52
86,96,2024-02-10,20240210,269.97,Returned,10.15,36.59
87,170,2024-11-24,20241124,2499.88,Shipped,10.95,14.32
88,132,2024-11-01,20241101,2591.53,Completed,28.34,3.41
89,263,2023-11-03,20231103,1829.92,Completed,14.89,31.32
90,203,2023-09-20,20230920,2399.43,Completed,21.33,31.51
91,89,2025-03-21,20250321,4412.05,Completed,17.64,12.37
92,287,2024-02-22,20240222,3805.92,Completed,11.7,18.8
93,88,2023-10-10,20231010,1403.98,Completed,13.99,40.35
94,217,2024-08-07,20240807,1968.33,Completed,8.93,16.63
95,112,2024-09-08,20240908,679.97,Completed,9.31,6.01
96,289,2025-03-11,20250311,1131.74,Completed,12.26,40.99
97,198,2024-06-30,20240630,259.98,Shipped,24.42,40.23
98,227,2024-03-11,20240311,1031.98,Completed,16.04,35.71
99,212,2024-10-03,20241003,2689.92,Returned,16.76,24.49
100,298,2025-06-12,20250612,1965.46,Completed,19.92,24.67
101,250,2023-12-06,20231206,599.97,Completed,21.56,23.49
102,179,2024-07-28,20240728,4689.0,Processing,6.75,44.8
103,274,2025-05-22,20250522,499.0,Processing,18.42,47.23
104,281,2025-06-17,20250617,4671.87,Completed,20.57,15.92
105,214,2025-01-25,20250125,1228.67,Completed,28.05,23.54
106,34,2024-05-14,20240514,2098.5,Completed,18.13,48.19
107,262,2023-09-06,20230906,399.98,Completed,6.76,15.43
108,290,2024-09-11,20240911,6178.75,Returned,16.34,11.11
109,158,2025-01-25,20250125,2363.94,Returned,24.43,1.32
110,232,2025-05-13,20250513,4267.86,Processing,6.55,28.4
111,74,2023-12-20,20231220,2123.91,Returned,27.57,27.5
112,109,2024-08-27,20240827,1157.54,Shipped,8.1,44.8
113,281,2024-10-21,20241021,2089.91,Shipped,21.09,43.56
114,181,2024-02-23,20240223,1755.91,Shipped,25.82,48.89
115,182,2024-01-21,20240121,2879.92,Completed,23.25,1.76
116,106,2024-09-04,20240904,699.95,Completed,11.85,7.63
117,213,2023-07-27,20230727,3819.9,Completed,26.03,46.04
118,154,2025-02-03,20250203,799.96,Completed,8.33,44.95
119,144,2025-01-28,20250128,1701.45,Returned,11.31,4.4
120,286,2024-11-16,20241116,549.49,Completed,28.34,31.42
121,250,2023-10-05,20231005,1179.94,Completed,16.48,5.12
122,82,2024-05-31,20240531,949.94,Completed,15.37,49.25
123,183,2024-11-03,20241103,3149.89,Completed,14.28,33.94
124,75,2024-02-07,20240207,399.98,Shipped,7.42,11.26
125,184,2023-09-25,20230925,899.97,Completed,22.53,29.23
126,189,2024-08-19,20240819,6177.42,Shipped,24.56,22.44
127,84,2024-04-24,20240424,699.98,Cancelled,25.07,33.79
128,258,2024-10-11,20241011,1299.95,Returned,8.36,20.2
129,221,2024-09-28,20240928,4094.87,Completed,8.31,10.13
130,116,2024-03-14,20240314,3089.89,Completed,29.31,14.62
131,278,2024-12-20,20241220,644.57,Cancelled,27.42,12.72
132,91,2024-09-13,20240913,599.97,Processing,8.75,37.24
133,54,2023-11-15,20231115,2288.46,Completed,15.7,5.52
134,264,2025-03-13,20250313,3298.48,Cancelled,11.25,18.84
135,232,2023-12-09,20231209,4672.4,Shipped,23.1,38.57
136,135,2024-02-04,20240204,1199.96,Returned,17.37,46.32
137,159,2023-12-27,20231227,689.97,Completed,27.73,10.21
138,274,2024-10-09,20241009,2099.95,Completed,17.18,1.44
139,205,2023-10-29,20231029,799.98,Processing,12.25,0.61
140,61,2024-07-05,20240705,2679.9,Processing,9.36,47.87
141,68,2023-10-20,20231020,2476.64,Completed,25.95,27.92
142,78,2023-12-30,20231230,3455.26,Processing,13.86,16.5
143,96,2025-07-01,20250701,3360.59,Returned,17.43,24.29
144,255,2024-03-20,20240320,819.95,Completed,16.92,8.33
145,227,2025-01-17,20250117,899.73,Completed,21.65,8.21
146,194,2023-08-30,20230830,599.97,Completed,24.21,34.28
147,289,2023-07-24,20230724,3151.85,Completed,20.73,12.79
148,136,2023-10-26,20231026,936.04,Cancelled,10.01,36.58
149,129,2025-07-17,20250717,2398.49,Completed,19.45,21.37
150,207,2024-09-01,20240901,4878.42,Completed,6.77,8.61
151,104,2024-05-17,20240517,1830.91,Completed,28.19,32.7
152,226,2024-05-11,20240511,1775.77,Shipped,11.99,28.7
153,100,2024-02-19,20240219,478.98,Completed,24.76,7.35
154,197,2024-12-29,20241229,1331.98,Completed,7.79,7.34
155,73,2024-05-20,20240520,437.99,Returned,26.02,41.95
156,283,2023-07-28,20230728,2825.37,Completed,26.36,15.41
157,214,2023-10-16,20231016,1799.96,Completed,25.89,1.45
158,122,2024-09-16,20240916,2210.41,Completed,6.54,32.56
159,163,2024-07-24,20240724,3095.88,Completed,7.09,16.61
160,59,2024-04-09,20240409,899.97,Returned,29.57,6.06
161,49,2024-03-05,20240305,7243.87,Completed,22.21,21.95
162,251,2025-05-14,20250514,1461.74,Processing,28.01,42.45
163,124,2024-11-14,20241114,2297.94,Completed,13.09,8.08
164,97,2023-07-19,20230719,1589.92,Completed,23.62,0.7
165,263,2025-07-04,20250704,3408.94,Completed,15.37,4.29
166,59,2025-03-01,20250301,1354.92,Completed,29.28,22.75
167,211,2024-01-18,20240118,899.99,Completed,25.93,24.83
168,103,2025-06-26,20250626,1699.97,Shipped,6.46,30.54
169,48,2023-10-02,20231002,1637.32,Completed,11.08,6.1
170,68,2024-02-06,20240206,869.46,Returned,8.24,46.38
171,139,2024-10-04,20241004,249.5,Completed,23.2,21.59
172,192,2024-05-23,20240523,2089.94,Completed,12.57,9.72
173,123,2025-07-13,20250713,2015.92,Completed,19.32,41.88
174,238,2024-08-31,20240831,915.96,Processing,12.84,18.11
175,239,2024-03-29,20240329,1399.96,Completed,26.08,33.83
176,147,2023-11-30,20231130,1964.02,Completed,11.06,17.78
177,218,2024-11-04,20241104,1562.14,Processing,15.57,17.66
178,145,2023-08-15,20230815,1531.91,Processing,10.49,41.94
179,156,2025-03-14,20250314,4931.88,Completed,24.87,21.68
180,36,2024-02-20,20240220,1129.97,Completed,12.71,48.74
181,81,2024-09-23,20240923,808.93,Returned,29.89,43.61
182,68,2024-02-08,20240208,1799.98,Completed,18.94,39.11
183,213,2024-05-26,20240526,3399.47,Completed,15.71,11.03
184,81,2024-07-31,20240731,4499.95,Completed,20.95,26.45
185,258,2024-08-21,20240821,499.95,Completed,26.44,26.0
186,61,2025-04-09,20250409,2699.95,Completed,10.78,3.41
187,287,2023-11-10,20231110,4748.4,Processing,9.93,35.35
188,176,2025-01-24,20250124,299.97,Completed,28.81,2.84
189,52,2023-11-12,20231112,1403.89,Returned,10.1,29.19
190,257,2025-06-09,20250609,3473.39,Returned,18.3,22.81
191,254,2023-09-25,20230925,525.24,Completed,16.0,27.73
192,53,2025-02-05,20250205,3521.07,Completed,7.58,20.4
193,271,2025-06-30,20250630,2409.92,Completed,13.93,45.08
194,182,2024-04-19,20240419,344.49,Processing,12.75,20.06
195,171,2024-03-17,20240317,2585.89,Processing,12.84,5.38
196,215,2023-10-08,20231008,3299.94,Completed,13.31,48.64
197,110,2023-08-13,20230813,1451.94,Shipped,22.37,0.09
198,80,2024-04-08,20240408,539.96,Completed,6.71,39.54
199,129,2024-04-10,20240410,2479.43,Completed,11.19,30.41
200,264,2025-03-01,20250301,2805.83,Completed,8.3,16.7
201,269,2025-04-06,20250406,2679.92,Shipped,26.76,29.1
202,222,2024-02-06,20240206,1996.13,Shipped,25.34,31.87
203,240,2024-06-14,20240614,1317.87,Completed,17.38,12.47
204,105,2024-08-31,20240831,809.92,Completed,20.14,31.99
205,96,2023-09-12,20230912,160.18,Processing,21.75,1.14
206,118,2024-08-09,20240809,3800.88,Completed,25.66,15.71
207,262,2024-06-17,20240617,1395.69,Completed,14.06,0.55
208,48,2025-06-24,20250624,2243.44,Completed,13.82,33.91
209,54,2023-08-10,20230810,2555.93,Completed,27.07,33.7
210,274,2024-07-09,20240709,1161.76,Completed,8.76,36.05
211,122,2025-05-30,20250530,5798.44,Completed,9.44,45.65
212,214,2024-06-11,20240611,1669.87,Processing,24.67,29.88
213,140,2024-06-19,20240619,347.98,Shipped,19.43,46.15
214,284,2024-10-14,20241014,2174.54,Shipped,7.88,28.89
215,293,2023-08-31,20230831,3886.86,Completed,8.5,10.08
216,235,2024-01-14,20240114,299.99,Shipped,9.18,24.18
217,157,2024-07-20,20240720,969.93,Processing,11.97,1.49
218,56,2023-10-02,20231002,1846.43,Completed,23.9,16.3
219,247,2025-01-21,20250121,249.5,Completed,6.66,12.79
220,90,2024-03-23,20240323,1657.94,Completed,7.51,24.52
221,268,2025-03-24,20250324,2306.44,Completed,22.27,1.7
222,207,2023-09-25,20230925,1221.44,Completed,20.1,43.08
223,85,2024-06-20,20240620,2699.95,Shipped,16.68,37.36
224,238,2025-06-15,20250615,1480.62,Completed,25.58,26.12
225,293,2025-07-14,20250714,379.49,Completed,23.76,30.16
226,270,2024-08-09,20240809,2623.91,Completed,21.01,33.32
227,54,2024-12-05,20241205,4171.98,Shipped,9.03,22.06
228,230,2024-08-23,20240823,2199.47,Completed,28.35,48.51
229,284,2024-06-05,20240605,249.5,Completed,10.53,25.92
230,106,2023-09-18,20230918,3077.0,Completed,29.54,19.19
231,185,2024-01-22,20240122,499.99,Shipped,7.98,16.81
232,191,2024-11-18,20241118,4049.91,Completed,20.91,36.56
233,297,2024-01-26,20240126,239.97,Completed,12.23,13.98
234,251,2023-09-18,20230918,2884.97,Completed,25.09,47.62
235,219,2024-05-10,20240510,188.97,Completed,20.34,46.6
236,103,2024-02-11,20240211,479.48,Completed,20.56,21.91
237,51,2024-12-30,20241230,3917.87,Completed,24.86,42.22
238,219,2024-05-01,20240501,3059.92,Completed,17.43,29.49
239,161,2024-07-17,20240717,2451.44,Completed,23.71,34.48
240,176,2024-07-16,20240716,1309.94,Completed,9.4,43.45
241,48,2025-06-03,20250603,355.98,Completed,15.78,47.36
242,149,2025-02-12,20250212,299.99,Processing,18.14,44.91
243,296,2025-05-10,20250510,1409.92,Processing,19.56,32.91
244,101,2024-11-14,20241114,1299.91,Completed,7.88,6.45
245,296,2023-08-02,20230802,2295.95,Cancelled,13.45,34.9
246,265,2025-07-10,20250710,617.95,Completed,16.68,0.47
247,281,2024-01-08,20240108,2032.75,Completed,22.38,48.49
248,167,2025-06-08,20250608,5632.38,Processing,21.85,0.44
249,190,2024-10-06,20241006,901.06,Completed,18.47,23.6
250,40,2025-03-10,20250310,898.95,Processing,18.59,11.91
251,128,2023-10-18,20231018,995.92,Completed,29.97,27.61
252,233,2023-12-11,20231211,79.99,Shipped,29.71,19.27
253,238,2024-09-05,20240905,1237.04,Processing,26.41,11.61
254,123,2025-01-02,20250102,3183.88,Completed,27.02,48.47
255,40,2024-07-18,20240718,199.99,Completed,10.58,48.57
256,266,2023-10-29,20231029,299.99,Processing,12.88,9.07
257,36,2025-04-18,20250418,430.97,Processing,24.75,12.38
258,203,2024-11-04,20241104,459.96,Returned,28.53,11.79
259,97,2023-12-03,20231203,3461.85,Completed,22.91,19.48
260,88,2024-06-26,20240626,2989.89,Completed,20.9,3.32
261,217,2025-01-30,20250130,899.97,Completed,20.76,34.33
262,111,2025-06-24,20250624,2769.31,Shipped,21.82,39.89
263,237,2024-06-16,20240616,1813.03,Completed,9.56,23.94
264,242,2024-07-15,20240715,2277.18,Shipped,11.22,13.75
265,217,2024-04-09,20240409,1259.97,Completed,24.33,38.44
266,255,2024-08-03,20240803,149.99,Completed,18.18,42.92
267,205,2024-04-16,20240416,3621.47,Completed,6.44,1.55
268,155,2025-06-18,20250618,2179.94,Completed,13.33,15.65
269,226,2024-01-17,20240117,1729.94,Completed,29.59,14.71
270,170,2025-06-03,20250603,1703.9,Completed,9.1,18.42
271,165,2024-01-14,20240114,3562.99,Completed,21.33,16.88
272,135,2024-11-24,20241124,3168.69,Shipped,14.04,20.59
273,253,2024-05-26,20240526,599.98,Completed,13.6,23.25
274,70,2025-03-17,20250317,2313.09,Completed,27.49,25.05
275,42,2024-04-19,20240419,939.95,Processing,10.2,2.55
276,160,2024-11-05,20241105,399.98,Completed,18.84,31.94
277,123,2024-09-01,20240901,3409.9,Cancelled,15.61,20.68
278,70,2025-03-11,20250311,463.96,Completed,22.95,39.72
279,81,2024-03-13,20240313,1489.96,Completed,14.92,21.36
280,192,2024-02-16,20240216,479.96,Processing,26.6,19.73
281,45,2024-09-26,20240926,3417.87,Completed,25.29,30.36
282,224,2024-08-17,20240817,5029.39,Cancelled,12.59,43.01
283,176,2024-04-16,20240416,2355.91,Completed,26.0,2.4
284,238,2025-01-06,20250106,1279.94,Completed,18.88,27.43
285,103,2024-12-09,20241209,729.96,Completed,12.02,36.73
286,123,2023-07-23,20230723,4151.92,Cancelled,23.94,4.5
287,192,2024-12-01,20241201,2829.94,Processing,11.64,1.87
288,99,2024-02-29,20240229,1031.03,Completed,29.53,30.21
289,148,2024-10-03,20241003,4780.89,Shipped,17.86,42.12
290,136,2024-05-21,20240521,2066.42,Completed,7.77,6.72
291,125,2025-04-29,20250429,1749.45,Completed,8.77,26.7
292,111,2024-01-03,20240103,5235.87,Completed,10.54,14.38
293,57,2024-12-15,20241215,1895.61,Completed,10.26,22.23
294,231,2024-01-16,20240116,1023.12,Shipped,20.85,40.75
295,49,2024-02-27,20240227,279.98,Completed,11.23,47.87
296,144,2024-11-14,20241114,763.93,Completed,20.17,26.78
297,115,2024-11-01,20241101,1812.71,Completed,22.26,49.23
298,96,2023-09-02,20230902,4730.93,Shipped,11.63,48.96
299,154,2024-01-02,20240102,2903.9,Processing,6.99,5.09
300,236,2024-01-10,20240110,3858.91,Completed,23.82,1.25
301,203,2025-06-21,20250621,989.94,Completed,28.36,12.04
302,137,2025-03-10,20250310,3129.92,Completed,27.6,48.83
303,145,2023-11-14,20231114,899.97,Completed,12.89,27.07
304,268,2024-03-29,20240329,1671.92,Processing,22.2,39.97
305,291,2024-11-24,20241124,258.77,Completed,11.44,28.64
306,109,2024-02-09,20240209,1002.93,Shipped,13.23,7.51
307,286,2025-06-07,20250607,1421.21,Shipped,13.55,33.99
308,279,2024-02-27,20240227,2710.68,Processing,15.38,31.95
309,36,2025-01-31,20250131,2147.5,Completed,13.86,8.38
310,206,2024-11-23,20241123,2990.14,Completed,19.36,30.06
311,281,2023-10-05,20231005,729.45,Completed,18.42,25.08
312,47,2023-11-25,20231125,2939.11,Completed,28.09,32.08
313,80,2024-06-28,20240628,6713.87,Completed,15.31,2.63
314,253,2023-11-28,20231128,2538.9,Completed,23.36,19.82
315,229,2023-11-24,20231124,1371.86,Completed,21.55,14.48
316,56,2025-03-17,20250317,193.99,Completed,26.78,18.62
317,76,2023-10-01,20231001,1062.46,Shipped,24.34,30.13
318,256,2024-08-15,20240815,1798.26,Completed,25.69,27.66
319,39,2024-08-14,20240814,1226.68,Completed,8.64,28.39
320,238,2024-12-09,20241209,1599.95,Completed,11.13,32.65
321,111,2024-12-02,20241202,4168.88,Returned,13.13,16.58
322,117,2025-03-24,20250324,2941.9,Completed,9.07,34.75
323,48,2024-03-05,20240305,2898.45,Completed,22.12,41.21
324,71,2025-05-01,20250501,2572.89,Cancelled,21.01,2.58
325,282,2024-01-19,20240119,352.75,Processing,6.53,38.77
326,98,2024-08-12,20240812,2854.68,Completed,28.37,44.06
327,83,2023-10-04,20231004,3839.04,Completed,11.94,49.02
328,38,2023-08-03,20230803,899.97,Completed,18.69,25.88
329,173,2023-11-06,20231106,533.98,Completed,19.12,11.98
330,58,2024-09-09,20240909,2050.29,Processing,7.69,6.08
331,117,2025-01-23,20250123,2798.5,Completed,11.58,9.36
332,196,2024-08-16,20240816,1179.93,Completed,18.1,36.84
333,282,2024-05-06,20240506,3777.49,Shipped,16.62,32.71
334,201,2024-04-28,20240428,1625.11,Completed,9.76,30.15
335,105,2024-11-09,20241109,1214.52,Completed,28.24,48.9
336,267,2024-04-06,20240406,325.49,Returned,18.24,7.04
337,172,2024-07-10,20240710,2038.96,Returned,9.09,20.45
338,66,2025-04-27,20250427,2893.89,Shipped,13.32,25.56
339,159,2023-10-13,20231013,2409.88,Shipped,11.41,42.27
340,31,2024-04-16,20240416,3783.46,Processing,14.29,6.03
341,246,2025-06-07,20250607,806.34,Processing,16.12,17.3
342,256,2024-05-09,20240509,689.94,Completed,19.17,5.85
343,191,2023-11-26,20231126,1352.62,Processing,28.93,21.08
344,104,2024-05-12,20240512,4313.44,Shipped,25.47,23.42
345,260,2024-02-16,20240216,4660.0,Shipped,7.43,17.3
346,99,2024-07-20,20240720,1066.96,Completed,26.78,17.66
347,110,2025-05-25,20250525,2098.5,Shipped,25.61,48.25
348,245,2025-01-14,20250114,2099.97,Shipped,24.18,24.48
349,289,2024-04-22,20240422,389.97,Shipped,15.07,32.45
350,129,2023-07-31,20230731,196.77,Shipped,14.01,35.12
351,240,2025-01-18,20250118,1199.98,Processing,22.87,35.37
352,55,2025-06-01,20250601,2297.95,Shipped,24.21,32.85
353,139,2024-11-30,20241130,813.53,Shipped,21.98,32.62
354,67,2024-05-02,20240502,1859.92,Returned,12.34,18.77
355,204,2025-04-12,20250412,2644.89,Completed,20.31,48.0
356,60,2025-04-02,20250402,1949.95,Completed,21.79,23.47
357,215,2023-08-30,20230830,209.98,Completed,6.23,42.69
358,231,2025-04-30,20250430,1499.97,Completed,23.02,24.65
359,187,2024-07-23,20240723,3989.43,Shipped,13.78,13.18
360,111,2024-01-04,20240104,3081.42,Completed,11.07,33.78
361,159,2023-10-19,20231019,1440.61,Shipped,19.73,3.8
362,204,2025-01-29,20250129,1439.23,Shipped,24.7,8.14
363,66,2023-08-04,20230804,3717.71,Processing,29.58,14.35
364,208,2024-09-18,20240918,1224.95,Shipped,26.57,7.5
365,96,2024-07-29,20240729,499.99,Completed,8.89,22.48
366,57,2024-07-26,20240726,129.99,Completed,8.42,39.4
367,77,2024-10-18,20241018,1399.0,Completed,23.86,6.35
368,293,2023-11-10,20231110,753.96,Completed,21.47,18.11
369,144,2025-04-04,20250404,292.98,Completed,12.01,3.9
370,94,2024-07-12,20240712,2659.92,Completed,26.98,25.92
371,178,2023-10-01,20231001,1879.93,Completed,9.33,25.11
372,254,2024-04-16,20240416,1494.02,Shipped,19.53,6.76
373,241,2024-06-26,20240626,228.78,Completed,17.08,1.6
374,160,2024-10-10,20241010,1439.94,Completed,9.35,15.31
375,189,2023-07-27,20230727,299.99,Completed,9.61,6.19
376,191,2025-02-28,20250228,1297.48,Shipped,28.54,11.27
377,82,2024-02-06,20240206,499.0,Cancelled,14.3,2.29
378,37,2024-10-19,20241019,1299.97,Completed,10.5,13.1
379,183,2024-04-12,20240412,2037.51,Returned,21.08,20.01
380,218,2025-04-12,20250412,2211.48,Completed,7.46,24.3
381,44,2025-05-09,20250509,925.98,Processing,11.61,29.15
382,181,2024-02-28,20240228,3693.99,Completed,27.41,2.41
383,203,2025-03-05,20250305,4259.37,Completed,14.76,42.75
384,130,2024-03-26,20240326,794.39,Processing,28.56,6.76
385,37,2024-10-30,20241030,2339.92,Shipped,20.32,25.47
386,202,2023-12-05,20231205,389.97,Shipped,6.42,29.31
387,105,2023-08-10,20230810,748.5,Shipped,27.47,25.2
388,168,2024-11-03,20241103,2502.09,Completed,28.28,23.48
389,49,2024-04-10,20240410,3179.04,Completed,28.09,30.35
390,46,2024-12-28,20241228,4999.91,Returned,15.79,42.47
391,273,2024-12-18,20241218,179.98,Completed,21.42,14.62
392,73,2024-03-23,20240323,129.99,Processing,20.98,47.04
393,85,2025-07-16,20250716,1581.39,Completed,25.77,31.37
394,90,2025-02-09,20250209,349.99,Completed,24.44,16.38
395,129,2023-10-26,20231026,689.96,Completed,9.37,23.6
396,166,2025-03-31,20250331,3919.92,Completed,28.75,44.87
397,101,2024-06-16,20240616,459.96,Cancelled,22.97,45.12
398,285,2023-07-20,20230720,3411.9,Shipped,21.99,28.82
399,220,2024-11-07,20241107,4346.87,Shipped,21.72,15.8
400,179,2025-03-23,20250323,2699.97,Processing,6.19,10.59
401,181,2024-04-21,20240421,249.5,Completed,27.26,32.6
402,152,2024-04-03,20240403,2478.53,Completed,29.49,24.55
403,181,2025-02-21,20250221,2979.87,Completed,12.44,15.56
404,261,2023-12-17,20231217,5857.8,Completed,24.34,32.98
405,255,2024-06-29,20240629,3339.44,Completed,27.13,43.53
406,249,2024-07-14,20240714,2963.91,Processing,25.77,40.17
407,101,2024-07-09,20240709,2724.94,Processing,29.71,8.96
408,36,2024-04-28,20240428,3349.89,Completed,16.48,32.94
409,87,2025-05-30,20250530,2665.39,Completed,23.29,8.35
410,181,2025-07-14,20250714,639.47,Shipped,16.65,29.49
411,217,2025-06-02,20250602,1670.83,Completed,25.14,36.61
412,216,2024-09-27,20240927,3199.87,Completed,11.9,12.52
413,74,2023-12-23,20231223,1159.93,Completed,9.15,16.61
414,57,2025-03-01,20250301,1350.97,Completed,11.75,20.48
415,282,2024-11-03,20241103,1371.02,Shipped,7.0,34.14
416,295,2024-04-12,20240412,3588.42,Returned,26.77,34.6
417,231,2025-02-27,20250227,3035.89,Completed,14.45,45.87
418,203,2025-04-10,20250410,3800.64,Completed,10.45,27.57
419,238,2024-05-30,20240530,1873.25,Processing,23.46,48.81
420,187,2023-08-06,20230806,1743.49,Shipped,16.58,23.38
421,105,2024-12-15,20241215,3479.92,Completed,26.6,6.27
422,295,2024-09-17,20240917,3247.88,Completed,13.23,38.34
423,105,2025-04-19,20250419,1668.97,Shipped,6.78,16.44
424,287,2023-12-06,20231206,4288.84,Processing,14.63,20.09
425,109,2023-09-18,20230918,1569.49,Completed,24.37,6.57
426,230,2024-10-25,20241025,1684.97,Completed,13.45,17.15
427,264,2025-01-12,20250112,1523.1,Returned,26.99,49.49
428,105,2025-04-29,20250429,1933.92,Completed,22.94,15.67
429,214,2025-03-15,20250315,3309.44,Shipped,10.74,6.06
430,214,2025-03-31,20250331,1655.4,Completed,10.38,28.52
431,288,2024-02-03,20240203,2659.89,Completed,22.43,16.71
432,278,2023-11-10,20231110,3445.36,Processing,8.87,16.31
433,85,2024-05-24,20240524,2322.57,Completed,23.64,43.3
434,74,2024-04-01,20240401,3988.53,Completed,14.51,37.35
435,83,2024-03-28,20240328,1187.98,Completed,10.88,11.82
436,135,2023-11-14,20231114,2659.92,Completed,12.27,45.58
437,214,2025-07-15,20250715,2712.96,Completed,18.93,43.54
438,193,2024-04-13,20240413,1889.28,Returned,20.59,0.47
439,92,2025-07-15,20250715,452.67,Completed,9.8,13.94
440,262,2024-10-15,20241015,919.95,Cancelled,6.51,10.7
441,212,2024-09-10,20240910,1269.93,Completed,16.81,49.24
442,244,2024-04-25,20240425,1899.92,Shipped,8.66,7.53
443,247,2024-07-24,20240724,1536.42,Completed,29.22,32.69
444,284,2023-12-10,20231210,3772.92,Completed,20.68,26.83
445,244,2023-09-26,20230926,2956.45,Processing,17.69,10.17
446,245,2023-10-19,20231019,449.97,Completed,20.12,1.2
447,90,2024-10-16,20241016,767.97,Shipped,13.78,32.67
448,280,2025-05-22,20250522,1674.91,Processing,16.47,20.64
449,128,2024-02-05,20240205,1950.93,Cancelled,16.86,47.04
450,92,2024-09-21,20240921,1534.32,Completed,24.78,9.53
451,91,2025-02-14,20250214,179.98,Processing,28.67,38.97
452,158,2024-01-03,20240103,499.0,Returned,7.53,37.07
453,289,2024-02-07,20240207,909.46,Returned,28.7,17.88
454,96,2025-04-04,20250404,879.96,Completed,19.71,27.01
455,152,2025-06-24,20250624,2598.94,Completed,9.17,21.34
456,185,2025-03-06,20250306,59.99,Completed,19.21,35.27
457,163,2025-05-27,20250527,2272.06,Completed,23.85,8.75
458,148,2024-03-30,20240330,609.47,Shipped,20.86,22.79
459,229,2025-02-06,20250206,1888.92,Completed,17.39,22.36
460,90,2025-02-11,20250211,239.97,Returned,23.46,6.33
461,137,2024-06-21,20240621,349.99,Completed,21.89,40.26
462,34,2025-06-24,20250624,2188.29,Returned,9.58,48.68
463,112,2023-08-12,20230812,2571.9,Cancelled,22.99,34.61
464,180,2023-11-21,20231121,339.97,Completed,25.88,37.99
465,281,2024-11-10,20241110,1423.92,Completed,12.16,45.25
466,100,2023-11-02,20231102,3741.91,Completed,29.89,34.81
467,256,2024-02-13,20240213,1107.93,Processing,13.18,16.67
468,221,2025-02-15,20250215,129.99,Completed,16.94,23.98
469,88,2025-02-28,20250228,832.74,Processing,6.93,2.48
470,65,2023-10-31,20231031,2317.28,Completed,24.11,32.32
471,164,2023-10-25,20231025,1327.95,Shipped,17.11,12.23
472,225,2025-05-11,20250511,3749.9,Completed,27.59,12.03
473,283,2023-10-24,20231024,2910.82,Completed,8.08,33.06
474,149,2024-07-24,20240724,4859.86,Shipped,18.56,39.94
475,192,2024-07-20,20240720,1801.92,Shipped,16.63,21.57
476,99,2023-12-27,20231227,3215.33,Completed,7.52,17.34
477,183,2023-12-11,20231211,283.98,Completed,24.17,33.25
478,291,2025-04-25,20250425,1279.92,Shipped,17.93,26.12
479,138,2025-05-22,20250522,2252.96,Completed,19.48,42.32
480,192,2024-12-23,20241223,1359.54,Processing,27.41,13.48
481,249,2025-04-10,20250410,1499.96,Cancelled,29.31,33.19
482,187,2023-12-14,20231214,699.98,Completed,6.87,0.47
483,168,2024-06-23,20240623,249.5,Processing,25.62,27.05
484,143,2024-06-15,20240615,1819.91,Completed,20.14,39.43
485,138,2024-12-09,20241209,149.99,Processing,8.9,38.13
486,37,2023-12-03,20231203,1042.39,Completed,20.34,6.63
487,85,2024-10-22,20241022,3061.25,Processing,23.22,13.54
488,79,2024-06-05,20240605,1287.95,Shipped,18.29,33.44
489,122,2024-07-02,20240702,1348.94,Processing,8.44,30.15
490,113,2023-09-13,20230913,290.99,Completed,12.57,7.4
491,96,2024-05-04,20240504,129.99,Completed,25.74,0.71
492,112,2023-09-30,20230930,599.97,Completed,28.06,10.47
493,250,2023-08-29,20230829,5042.91,Processing,6.8,1.79
494,213,2024-07-26,20240726,1242.94,Completed,9.69,49.64
495,180,2023-08-12,20230812,2438.61,Completed,22.35,17.3
496,274,2024-12-09,20241209,3451.45,Completed,22.2,47.66
497,213,2024-03-11,20240311,1989.92,Completed,21.35,17.55
498,272,2023-11-27,20231127,3083.59,Completed,16.54,25.74
499,41,2023-10-02,20231002,2129.91,Completed,14.73,13.62
500,81,2024-06-13,20240613,2118.97,Completed,7.2,18.58
501,285,2023-07-30,20230730,455.98,Completed,17.15,35.8
502,247,2023-07-26,20230726,2012.44,Shipped,13.53,7.34
503,199,2024-05-16,20240516,3621.18,Processing,16.92,41.15
504,123,2023-07-24,20230724,2473.88,Completed,27.3,18.22
505,233,2025-07-13,20250713,2249.92,Processing,23.86,3.36
506,79,2023-11-22,20231122,810.47,Processing,17.85,16.67
507,183,2025-04-20,20250420,1749.43,Completed,16.25,32.26
508,106,2024-02-03,20240203,199.99,Completed,14.47,12.1
509,253,2025-04-14,20250414,986.33,Completed,7.31,15.97
510,36,2024-07-30,20240730,2369.93,Completed,12.97,19.32
511,273,2024-08-05,20240805,1019.95,Completed,29.79,24.54
512,232,2025-01-29,20250129,2525.4,Processing,8.76,12.18
513,126,2023-12-20,20231220,3780.37,Completed,28.72,21.12
514,261,2024-10-21,20241021,3634.2,Shipped,18.24,17.82
515,224,2025-06-30,20250630,3988.42,Completed,19.16,44.3
516,205,2024-12-01,20241201,4356.89,Completed,19.98,26.53
517,231,2024-01-25,20240125,5013.36,Completed,11.6,14.77
518,238,2025-06-22,20250622,837.51,Completed,16.93,6.04
519,288,2024-02-14,20240214,2217.33,Processing,22.26,44.09
520,33,2023-10-08,20231008,1345.41,Shipped,8.2,29.98
521,67,2025-01-12,20250112,2029.91,Processing,24.36,6.63
522,43,2024-12-29,20241229,1049.97,Completed,13.86,28.69
523,237,2024-11-27,20241127,468.76,Completed,20.87,39.46
524,48,2024-12-23,20241223,1764.83,Completed,28.95,20.46
525,142,2024-01-18,20240118,899.99,Shipped,6.18,33.71
526,119,2023-12-04,20231204,3429.67,Shipped,19.42,35.36
527,137,2025-01-08,20250108,1993.56,Shipped,14.27,32.46
528,124,2024-09-03,20240903,4796.42,Completed,9.94,4.44
529,67,2024-04-05,20240405,1905.7,Completed,17.43,25.48
530,33,2024-02-23,20240223,3402.5,Shipped,14.71,12.12
531,224,2024-08-04,20240804,1599.96,Completed,10.36,36.51
532,236,2024-12-06,20241206,1749.91,Completed,22.11,17.92
533,42,2024-02-28,20240228,4080.5,Completed,28.12,2.72
534,277,2024-11-11,20241111,2659.94,Processing,15.64,44.05
535,127,2024-09-19,20240919,599.98,Shipped,22.44,49.17
536,279,2024-08-01,20240801,2348.94,Cancelled,12.6,5.96
537,59,2025-03-11,20250311,1654.51,Shipped,7.49,43.05
538,115,2023-12-18,20231218,2398.49,Completed,17.09,37.27
539,73,2023-12-20,20231220,5149.9,Processing,12.47,0.06
540,236,2025-03-08,20250308,3318.36,Returned,27.93,7.4
541,250,2024-10-15,20241015,1389.94,Completed,11.38,40.78
542,115,2023-12-10,20231210,4790.87,Cancelled,12.47,9.5
543,200,2024-11-23,20241123,899.97,Completed,23.68,31.71
544,297,2023-10-06,20231006,1748.48,Shipped,15.06,47.01
545,51,2024-01-01,20240101,2168.51,Completed,29.23,20.6
546,106,2024-08-24,20240824,2259.94,Shipped,29.2,46.98
547,130,2024-05-07,20240507,1149.96,Cancelled,29.27,20.97
548,46,2023-10-14,20231014,3562.93,Completed,9.52,14.74
549,142,2025-03-20,20250320,4081.01,Completed,12.55,19.37
550,39,2023-08-26,20230826,3583.09,Completed,29.4,31.2
551,87,2025-05-11,20250511,2489.88,Cancelled,25.45,38.06
552,274,2023-11-23,20231123,2189.92,Cancelled,18.84,18.13
553,232,2024-01-01,20240101,245.99,Completed,20.22,46.17
554,265,2025-07-14,20250714,143.99,Completed,17.4,35.54
555,209,2023-12-10,20231210,850.45,Completed,7.93,13.2
556,112,2025-02-14,20250214,1499.97,Completed,24.52,5.36
557,100,2024-06-05,20240605,1249.96,Shipped,27.05,8.76
558,260,2024-05-01,20240501,2099.46,Shipped,28.81,7.64
559,79,2024-05-06,20240506,1205.92,Processing,24.49,13.71
560,275,2025-06-14,20250614,1999.97,Completed,6.58,9.21
561,106,2025-03-28,20250328,3243.57,Completed,13.47,28.65
562,249,2024-03-18,20240318,748.5,Completed,16.96,38.61
563,142,2024-08-22,20240822,2053.67,Completed,12.39,0.99
564,222,2025-07-07,20250707,199.99,Processing,24.96,12.7
565,197,2024-07-31,20240731,799.98,Shipped,18.03,48.57
566,237,2024-06-07,20240607,1638.46,Completed,16.85,34.06
567,165,2024-05-20,20240520,2799.93,Completed,17.52,24.36
568,80,2023-08-12,20230812,3532.2,Processing,19.89,5.9
569,244,2024-04-19,20240419,2166.26,Completed,8.83,18.78
570,166,2024-10-21,20241021,3228.44,Completed,11.24,42.51
571,210,2024-11-12,20241112,260.99,Cancelled,16.68,47.55
572,253,2025-04-11,20250411,2281.09,Completed,6.27,6.79
573,298,2023-08-29,20230829,826.96,Completed,12.11,7.41
574,294,2024-01-31,20240131,2158.38,Completed,7.55,30.48
575,103,2025-03-18,20250318,2098.5,Processing,12.29,36.94
576,181,2024-10-17,20241017,1649.92,Completed,26.91,3.95
577,53,2024-09-03,20240903,6630.85,Returned,18.17,35.8
578,108,2024-10-21,20241021,2193.26,Completed,26.16,19.93
579,185,2024-11-02,20241102,6748.91,Shipped,20.36,20.47
580,58,2024-08-08,20240808,4617.43,Shipped,15.64,15.32
581,120,2023-08-27,20230827,1399.94,Completed,18.02,34.77
582,106,2023-09-27,20230927,2149.95,Completed,15.47,25.5
583,205,2025-05-05,20250505,4170.78,Shipped,10.82,2.05
584,77,2024-08-13,20240813,89.99,Completed,16.21,37.37
585,290,2025-04-20,20250420,699.97,Completed,20.22,22.84
586,206,2023-11-24,20231124,89.99,Completed,8.89,38.39
587,226,2024-01-17,20240117,1141.93,Shipped,7.91,23.97
588,215,2024-11-24,20241124,1998.97,Completed,25.64,5.18
589,77,2023-11-24,20231124,399.98,Cancelled,25.74,43.58
590,178,2025-02-16,20250216,2504.92,Completed,19.31,10.97
591,128,2024-03-14,20240314,2429.51,Completed,18.68,12.65
592,190,2025-04-15,20250415,3889.87,Completed,23.97,40.28
593,89,2024-01-24,20240124,380.06,Completed,28.12,7.78
594,180,2023-10-29,20231029,4223.86,Completed,19.68,20.08
595,128,2025-06-13,20250613,2952.95,Completed,12.0,49.22
596,285,2025-04-19,20250419,1514.92,Shipped,18.67,33.03
597,146,2025-05-25,20250525,1327.91,Completed,24.49,39.22
598,181,2024-02-14,20240214,3530.28,Completed,11.57,33.16
599,255,2023-11-06,20231106,389.97,Completed,26.0,33.38
600,208,2025-02-24,20250224,199.98,Completed,9.44,14.99
601,262,2025-06-27,20250627,159.98,Completed,25.2,0.02
602,180,2025-01-20,20250120,1903.92,Completed,13.67,35.33
603,46,2025-04-04,20250404,3612.31,Cancelled,20.29,7.55
604,235,2025-06-29,20250629,3335.52,Shipped,13.18,4.98
605,119,2025-07-02,20250702,1813.99,Shipped,20.92,1.15
606,137,2023-11-18,20231118,1909.93,Cancelled,29.69,24.12
607,159,2023-09-24,20230924,1889.91,Completed,28.93,8.65
608,113,2024-08-18,20240818,913.63,Completed,26.08,21.64
609,276,2023-12-08,20231208,4409.91,Completed,10.11,43.66
610,259,2024-04-20,20240420,899.96,Completed,7.0,45.19
611,273,2025-03-30,20250330,239.97,Completed,28.19,37.8
612,69,2023-12-20,20231220,3000.93,Completed,14.39,27.47
613,116,2024-08-22,20240822,3612.41,Completed,17.14,1.13
614,282,2024-12-31,20241231,2099.94,Completed,28.7,43.95
615,47,2023-07-21,20230721,1528.23,Shipped,29.42,18.79
616,265,2024-01-07,20240107,249.5,Completed,19.6,43.9
617,265,2023-11-26,20231126,2859.91,Completed,16.18,16.67
618,54,2024-05-10,20240510,950.94,Returned,19.53,27.58
619,33,2024-11-10,20241110,3865.6,Shipped,9.48,45.78
620,66,2025-05-08,20250508,898.49,Shipped,17.25,20.07
621,137,2024-09-09,20240909,3094.89,Completed,9.74,48.16
622,207,2024-10-10,20241010,1599.49,Completed,28.24,18.28
623,278,2025-02-21,20250221,150.98,Returned,19.62,5.56
624,221,2024-12-03,20241203,2855.91,Completed,22.27,36.52
625,57,2024-09-25,20240925,3459.48,Shipped,29.43,17.68
626,260,2023-08-17,20230817,5567.88,Completed,22.39,22.41
627,217,2024-06-21,20240621,4456.9,Shipped,18.94,8.69
628,294,2024-01-23,20240123,894.98,Shipped,15.6,8.46
629,161,2024-07-15,20240715,599.99,Completed,7.41,4.02
630,190,2024-12-03,20241203,2217.88,Returned,12.97,29.9
631,177,2023-08-20,20230820,3212.57,Completed,8.45,33.03
632,160,2023-08-17,20230817,3999.92,Completed,14.94,29.48
633,281,2024-12-01,20241201,1659.18,Completed,18.95,13.77
634,203,2024-12-28,20241228,4520.87,Shipped,12.81,1.86
635,210,2025-04-08,20250408,2505.14,Completed,26.06,4.44
636,186,2024-07-11,20240711,1939.93,Shipped,11.42,3.35
637,57,2024-09-28,20240928,2220.87,Shipped,17.95,26.29
638,252,2025-01-21,20250121,3777.9,Completed,24.14,4.31
639,149,2024-08-03,20240803,1015.46,Completed,26.99,10.43
640,77,2025-05-18,20250518,849.48,Completed,13.56,39.03
641,102,2024-05-10,20240510,123.49,Processing,13.33,21.84
642,207,2023-11-28,20231128,3147.92,Completed,8.08,6.57
643,85,2025-06-23,20250623,1499.97,Completed,7.63,7.42
644,76,2023-08-29,20230829,3581.9,Completed,7.46,36.82
645,177,2025-06-13,20250613,1511.32,Completed,16.61,49.7
646,88,2023-10-10,20231010,2558.45,Completed,19.8,23.83
647,65,2024-07-07,20240707,259.98,Processing,21.34,2.64
648,69,2025-03-23,20250323,2956.0,Completed,12.51,39.8
649,298,2023-07-19,20230719,2065.67,Shipped,20.47,47.41
650,278,2023-07-27,20230727,987.02,Completed,7.86,16.2
651,206,2025-02-16,20250216,1487.53,Shipped,27.5,1.34
652,178,2023-11-16,20231116,1597.44,Completed,15.09,11.55
653,209,2024-11-28,20241128,719.94,Completed,9.68,20.01
654,126,2025-07-08,20250708,119.98,Cancelled,9.57,19.13
655,297,2024-02-19,20240219,4300.72,Completed,27.48,8.46
656,247,2024-05-31,20240531,1989.93,Completed,7.48,5.91
657,178,2025-06-30,20250630,853.24,Completed,15.57,22.36
658,178,2024-08-22,20240822,1015.46,Completed,22.25,12.23
659,97,2025-01-10,20250110,931.91,Processing,9.94,9.53
660,89,2023-11-02,20231102,1589.9,Completed,9.54,40.47
661,63,2025-03-05,20250305,3479.4,Completed,29.48,46.29
662,80,2024-06-25,20240625,2273.93,Completed,7.92,24.12
663,216,2023-11-04,20231104,3354.22,Completed,29.27,3.77
664,271,2024-09-17,20240917,2713.87,Completed,9.95,5.8
665,99,2023-09-16,20230916,3852.9,Processing,22.99,17.86
666,44,2024-07-08,20240708,269.97,Completed,17.29,10.78
667,180,2024-07-17,20240717,1024.32,Completed,26.42,18.37
668,74,2024-07-29,20240729,1359.95,Completed,15.33,0.83
669,207,2023-07-28,20230728,449.97,Cancelled,20.37,36.97
670,233,2025-01-22,20250122,1859.89,Completed,17.22,31.84
671,104,2025-01-30,20250130,2444.5,Completed,10.37,49.5
672,214,2024-03-30,20240330,329.97,Completed,22.93,16.74
673,254,2024-08-04,20240804,1786.23,Completed,16.96,48.39
674,139,2023-07-21,20230721,1329.94,Completed,15.46,35.5
675,225,2024-04-25,20240425,2394.12,Shipped,11.32,5.58
676,126,2024-12-11,20241211,2325.9,Processing,27.05,40.31
677,121,2025-01-27,20250127,748.5,Shipped,22.09,8.86
678,59,2024-06-27,20240627,1389.47,Shipped,28.37,26.52
679,174,2024-02-25,20240225,4845.47,Completed,11.33,37.27
680,183,2023-11-17,20231117,1189.61,Shipped,29.56,35.22
681,31,2024-01-02,20240102,199.99,Completed,24.68,14.77
682,299,2023-08-07,20230807,971.14,Completed,22.27,5.46
683,173,2025-02-22,20250222,2194.89,Completed,21.11,12.73
684,290,2025-07-03,20250703,3397.89,Completed,28.29,49.97
685,271,2024-12-28,20241228,3479.88,Returned,8.29,12.7
686,79,2024-10-10,20241010,789.95,Completed,27.68,25.22
687,172,2025-06-07,20250607,3707.88,Processing,7.33,29.63
688,257,2024-03-28,20240328,1103.97,Completed,28.25,49.39
689,109,2024-11-10,20241110,1238.33,Completed,23.33,19.55
690,184,2024-07-26,20240726,4727.89,Completed,28.04,4.82
691,76,2023-09-13,20230913,2105.93,Completed,24.57,9.76
692,65,2024-11-16,20241116,151.18,Completed,24.63,38.16
693,50,2024-10-27,20241027,1962.44,Completed,6.08,22.34
694,32,2024-05-30,20240530,2802.62,Completed,14.78,12.06
695,55,2025-05-29,20250529,4148.42,Completed,28.13,37.88
696,137,2023-09-22,20230922,1159.95,Shipped,6.63,33.16
697,110,2023-09-03,20230903,399.95,Completed,18.17,2.67
698,160,2024-03-18,20240318,563.97,Completed,18.66,38.89
699,121,2023-12-10,20231210,784.97,Completed,23.67,48.99
700,178,2023-11-23,20231123,3953.9,Shipped,28.24,3.55
701,254,2023-12-27,20231227,842.35,Returned,26.47,6.08
702,264,2023-08-03,20230803,2819.84,Completed,27.57,3.91
703,190,2025-01-28,20250128,66.39,Shipped,7.76,10.21
704,258,2025-05-13,20250513,1779.93,Completed,29.82,29.46
705,40,2025-06-04,20250604,1348.48,Completed,18.28,0.93
706,96,2025-06-14,20250614,153.99,Completed,20.49,21.15
707,120,2024-06-28,20240628,2985.89,Completed,21.83,33.62
708,131,2024-03-19,20240319,1974.94,Shipped,14.2,43.41
709,220,2023-10-20,20231020,903.04,Completed,14.95,48.35
710,59,2025-06-08,20250608,1309.95,Completed,14.27,19.09
711,207,2024-10-27,20241027,2510.52,Completed,11.05,36.49
712,133,2024-04-01,20240401,1473.47,Cancelled,12.83,27.77
713,266,2023-08-30,20230830,1349.92,Cancelled,13.57,2.23
714,191,2024-03-16,20240316,1982.19,Completed,8.51,34.04
715,88,2024-10-02,20241002,3779.88,Completed,10.77,49.93
716,45,2024-10-17,20241017,693.37,Processing,21.81,28.39
717,35,2025-01-28,20250128,679.96,Completed,10.45,33.49
718,84,2024-02-03,20240203,1166.53,Returned,22.51,40.56
719,74,2025-06-28,20250628,1319.92,Completed,16.08,27.75
720,229,2025-07-16,20250716,2715.89,Processing,8.73,5.56
721,225,2023-12-15,20231215,1890.36,Returned,20.32,32.88
722,69,2024-08-06,20240806,628.99,Completed,15.98,48.3
723,251,2023-09-05,20230905,2682.29,Processing,17.25,31.6
724,48,2024-05-02,20240502,269.97,Shipped,8.63,17.63
725,244,2023-07-26,20230726,5678.41,Shipped,19.34,26.17
726,128,2024-11-20,20241120,2376.47,Completed,13.49,29.72
727,224,2025-05-13,20250513,1839.93,Completed,7.05,33.0
728,147,2025-05-18,20250518,2276.87,Completed,12.12,35.38
729,118,2024-04-08,20240408,1149.94,Completed,13.01,31.6
730,162,2024-01-27,20240127,5132.71,Completed,17.24,32.82
731,71,2023-12-27,20231227,1477.56,Completed,14.61,39.15
732,128,2023-10-24,20231024,4469.89,Completed,26.72,36.75
733,148,2023-09-24,20230924,889.46,Completed,27.66,40.7
734,137,2025-06-21,20250621,1279.95,Completed,10.21,16.98
735,243,2025-05-23,20250523,6179.12,Shipped,28.62,5.44
736,211,2023-08-20,20230820,879.88,Shipped,22.83,10.25
737,280,2024-08-30,20240830,1732.9,Completed,19.31,20.44
738,294,2025-04-12,20250412,4585.51,Completed,8.76,41.2
739,252,2025-06-05,20250605,2059.93,Completed,19.77,45.88
740,227,2024-02-24,20240224,1316.45,Completed,28.38,15.68
741,82,2024-04-24,20240424,2164.5,Shipped,17.71,32.54
742,31,2025-07-17,20250717,1579.43,Processing,18.02,32.93
743,118,2025-01-27,20250127,2076.8,Completed,20.89,22.64
744,124,2024-07-12,20240712,3920.69,Completed,7.9,24.89
745,127,2025-05-30,20250530,1049.97,Completed,17.91,41.43
746,195,2024-04-11,20240411,3731.02,Completed,7.35,32.3
747,139,2025-01-02,20250102,959.48,Completed,8.24,24.7
748,224,2024-10-28,20241028,905.94,Completed,6.47,47.46
749,268,2023-10-02,20231002,599.98,Processing,15.21,34.98
750,229,2023-08-16,20230816,259.98,Completed,28.39,5.63
751,101,2025-04-16,20250416,2330.56,Completed,28.16,43.9
752,232,2025-02-12,20250212,389.97,Shipped,19.45,49.75
753,235,2025-01-02,20250102,5674.86,Completed,21.38,13.08
754,62,2024-09-19,20240919,2799.94,Completed,6.4,25.35
755,172,2025-04-18,20250418,321.99,Completed,15.79,48.08
756,185,2024-02-24,20240224,2427.44,Completed,20.42,6.69
757,192,2024-01-26,20240126,1079.94,Completed,22.91,18.21
758,298,2024-08-03,20240803,4620.01,Returned,17.44,38.21
759,214,2025-01-02,20250102,1159.95,Completed,8.93,27.37
760,186,2025-02-12,20250212,696.97,Completed,26.96,7.17
761,164,2024-12-25,20241225,4616.67,Shipped,6.56,9.5
762,247,2025-05-03,20250503,269.97,Completed,7.7,16.44
763,147,2023-12-23,20231223,2610.71,Completed,12.92,34.39
764,46,2023-09-12,20230912,399.98,Completed,12.24,18.47
765,81,2024-01-27,20240127,899.97,Shipped,18.76,20.58
766,132,2025-03-04,20250304,111.79,Completed,10.63,9.0
767,142,2025-06-07,20250607,1824.68,Shipped,19.95,17.53
768,182,2024-05-10,20240510,599.98,Cancelled,16.48,5.89
769,43,2023-08-27,20230827,2696.56,Completed,23.07,20.17
770,36,2023-11-22,20231122,2379.53,Completed,18.44,13.84
771,98,2024-12-30,20241230,966.92,Completed,11.13,20.28
772,131,2024-09-17,20240917,1993.56,Completed,11.65,8.26
773,294,2025-06-17,20250617,3448.43,Completed,7.78,34.91
774,34,2025-05-07,20250507,799.97,Completed,11.29,10.82
775,58,2024-01-04,20240104,1677.95,Completed,26.39,8.62
776,79,2025-03-18,20250318,998.52,Completed,10.87,9.49
777,194,2024-09-05,20240905,767.74,Completed,6.66,33.64
778,181,2025-02-12,20250212,2573.45,Shipped,20.09,29.43
779,236,2024-11-15,20241115,2796.92,Shipped,8.37,21.28
780,108,2023-11-24,20231124,1219.9,Returned,25.23,21.72
781,94,2023-11-25,20231125,1719.94,Completed,27.92,10.98
782,165,2024-11-08,20241108,1799.97,Completed,20.46,3.23
783,137,2024-11-15,20241115,749.96,Shipped,23.31,42.07
784,133,2023-11-16,20231116,3553.56,Processing,27.5,4.65
785,49,2024-12-10,20241210,4029.48,Completed,10.42,31.17
786,289,2023-10-03,20231003,1469.29,Shipped,29.04,22.59
787,58,2025-05-09,20250509,1599.96,Completed,28.31,16.45
788,65,2024-08-22,20240822,1468.47,Shipped,11.41,34.96
789,237,2024-12-18,20241218,1800.92,Completed,19.72,28.24
790,150,2024-08-12,20240812,887.05,Completed,26.23,12.71
791,208,2025-02-18,20250218,1188.46,Returned,6.68,10.71
792,33,2023-12-21,20231221,328.74,Shipped,14.53,29.21
793,54,2024-03-14,20240314,1974.53,Returned,21.95,5.4
794,229,2025-02-04,20250204,1217.34,Completed,16.92,3.51
795,62,2024-08-19,20240819,3186.13,Shipped,29.38,44.03
796,295,2024-06-30,20240630,3410.92,Completed,9.96,44.49
797,286,2024-12-06,20241206,491.36,Completed,19.29,14.94
798,95,2023-12-30,20231230,1389.94,Shipped,7.18,32.6
799,182,2024-12-06,20241206,2139.45,Completed,7.69,12.83
800,164,2024-12-08,20241208,3048.91,Completed,17.29,4.56
801,207,2023-08-26,20230826,2062.71,Completed,21.9,8.95
802,229,2024-08-17,20240817,799.98,Completed,23.07,5.47
803,182,2023-12-01,20231201,2732.44,Completed,11.42,46.54
804,147,2024-05-19,20240519,3367.9,Completed,27.05,6.99
805,183,2024-03-18,20240318,2069.93,Returned,13.52,21.51
806,296,2024-07-13,20240713,2223.94,Completed,18.21,37.66
807,207,2024-02-15,20240215,1718.89,Completed,27.37,19.38
808,229,2023-10-13,20231013,1108.47,Completed,25.51,28.62
809,80,2024-12-19,20241219,3518.62,Shipped,29.35,3.17
810,87,2025-01-19,20250119,1249.35,Shipped,11.39,38.23
811,35,2023-12-19,20231219,1731.93,Shipped,23.01,41.68
812,299,2024-09-18,20240918,942.63,Completed,10.41,6.42
813,270,2025-05-14,20250514,1378.19,Cancelled,28.0,46.27
814,62,2024-07-04,20240704,1029.93,Processing,28.76,28.16
815,58,2023-08-04,20230804,200.18,Completed,25.19,24.0
816,160,2024-02-24,20240224,899.97,Shipped,26.12,39.17
817,135,2025-06-29,20250629,3297.95,Completed,16.62,31.36
818,68,2024-06-02,20240602,660.97,Completed,8.99,48.73
819,203,2024-10-06,20241006,955.51,Completed,18.99,37.96
820,92,2024-02-03,20240203,3367.51,Completed,25.65,0.94
821,135,2023-08-18,20230818,599.98,Completed,9.15,7.37
822,272,2024-06-18,20240618,2629.91,Returned,27.79,5.6
823,146,2025-05-25,20250525,362.07,Processing,10.46,0.65
824,82,2025-01-30,20250130,3699.91,Completed,13.52,8.62
825,280,2023-09-21,20230921,2096.93,Completed,28.05,39.0
826,275,2023-09-16,20230916,2193.91,Shipped,14.46,32.02
827,59,2025-03-17,20250317,1295.94,Completed,22.74,46.44
828,280,2024-11-09,20241109,1812.08,Shipped,25.16,15.95
829,296,2024-01-12,20240112,2539.43,Completed,13.11,13.74
830,243,2024-04-09,20240409,851.96,Completed,6.22,3.43
831,175,2025-02-17,20250217,3406.34,Completed,10.36,47.58
832,76,2024-03-31,20240331,549.97,Shipped,20.99,4.54
833,89,2023-09-25,20230925,2438.93,Completed,21.12,37.58
834,277,2024-11-03,20241103,2173.36,Completed,13.81,30.14
835,152,2025-07-04,20250704,1445.95,Returned,7.43,34.72
836,231,2023-11-24,20231124,4410.42,Shipped,24.72,44.25
837,179,2024-12-07,20241207,1732.01,Completed,7.26,24.1
838,66,2024-05-19,20240519,2705.89,Shipped,29.93,45.29
839,239,2024-11-01,20241101,2792.56,Completed,10.1,8.02
840,228,2024-08-31,20240831,1080.35,Completed,6.4,1.2
841,63,2024-06-28,20240628,1282.92,Completed,24.34,27.99
842,112,2024-07-25,20240725,1755.73,Completed,15.39,8.45
843,274,2024-08-21,20240821,2967.89,Shipped,22.05,5.85
844,250,2025-05-22,20250522,2136.94,Completed,20.76,12.86
845,254,2024-11-24,20241124,783.93,Completed,21.17,35.03
846,287,2023-09-06,20230906,2511.62,Completed,12.23,21.33
847,263,2023-09-27,20230927,1676.69,Completed,9.7,2.18
848,262,2024-12-19,20241219,3772.98,Completed,28.74,19.28
849,40,2023-09-27,20230927,2093.93,Cancelled,12.04,8.25
850,296,2023-11-01,20231101,2076.85,Returned,28.15,8.83
851,122,2024-09-23,20240923,1949.93,Shipped,16.36,36.24
852,71,2025-07-15,20250715,79.99,Completed,19.08,33.71
853,173,2023-12-27,20231227,3586.89,Completed,7.53,48.13
854,256,2024-10-05,20241005,3098.66,Completed,14.69,41.57
855,146,2023-09-23,20230923,3312.87,Completed,12.24,17.51
856,141,2024-08-25,20240825,2624.95,Completed,29.65,11.17
857,243,2023-09-08,20230908,4246.92,Completed,7.85,34.78
858,150,2024-03-06,20240306,2855.62,Cancelled,7.87,31.98
859,227,2024-02-21,20240221,5109.88,Processing,19.85,46.13
860,292,2024-05-14,20240514,2600.49,Completed,16.08,20.8
861,106,2024-07-23,20240723,2429.91,Shipped,13.72,23.58
862,237,2024-02-09,20240209,129.99,Completed,15.88,14.85
863,232,2025-07-12,20250712,2651.48,Shipped,26.32,16.56
864,59,2024-05-01,20240501,4849.89,Completed,10.6,21.37
865,124,2023-08-15,20230815,1819.42,Completed,24.91,21.31
866,58,2024-09-29,20240929,599.97,Completed,6.57,13.38
867,170,2024-03-29,20240329,589.95,Completed,25.05,48.34
868,282,2023-07-31,20230731,2592.93,Completed,12.07,28.2
869,257,2025-03-14,20250314,5686.25,Completed,16.27,5.67
870,272,2024-02-18,20240218,3628.92,Shipped,8.95,32.95
871,276,2025-06-19,20250619,2550.95,Completed,11.44,22.82
872,114,2023-12-24,20231224,1463.03,Shipped,8.63,33.62
873,126,2024-05-13,20240513,129.99,Completed,7.07,29.07
874,123,2025-03-24,20250324,742.96,Processing,17.96,13.99
875,179,2023-11-14,20231114,1693.7,Shipped,7.63,21.86
876,91,2023-11-21,20231121,2394.29,Completed,25.5,25.35
877,292,2024-03-07,20240307,2116.42,Completed,25.68,3.89
878,288,2024-06-02,20240602,2327.27,Shipped,10.87,19.28
879,274,2023-11-15,20231115,2477.91,Completed,21.31,31.37
880,207,2025-06-09,20250609,99.99,Completed,19.34,29.3
881,215,2025-01-20,20250120,3576.87,Completed,25.97,38.97
882,199,2025-04-18,20250418,762.45,Completed,17.04,45.37
883,218,2024-12-23,20241223,1733.11,Completed,23.48,49.58
884,197,2023-12-19,20231219,1283.44,Shipped,23.94,3.6
885,270,2024-04-10,20240410,608.56,Completed,22.88,32.3
886,147,2025-04-29,20250429,2999.94,Completed,6.12,13.06
887,251,2024-10-24,20241024,1558.46,Processing,19.1,42.27
888,203,2024-01-25,20240125,2380.7,Completed,24.04,1.52
889,80,2025-01-03,20250103,2581.05,Shipped,11.6,4.37
890,161,2025-02-19,20250219,590.97,Completed,23.35,6.58
891,230,2024-02-13,20240213,386.36,Shipped,19.77,28.97
892,74,2024-08-21,20240821,3101.08,Completed,6.8,22.0
893,230,2023-12-27,20231227,949.88,Completed,16.24,6.29
894,122,2023-11-03,20231103,1328.95,Completed,21.82,7.31
895,291,2024-08-22,20240822,1538.45,Completed,10.44,20.24
896,296,2024-01-04,20240104,462.45,Completed,10.9,43.39
897,70,2024-08-14,20240814,798.44,Completed,25.27,15.29
898,197,2023-10-30,20231030,1075.95,Processing,25.2,31.93
899,187,2025-06-28,20250628,855.45,Shipped,19.25,48.09
900,75,2024-05-23,20240523,3037.46,Processing,8.2,45.38
901,167,2024-10-04,20241004,1011.8,Shipped,16.33,37.73
902,94,2025-04-24,20250424,2074.57,Completed,22.06,24.14
903,264,2024-09-18,20240918,794.96,Completed,23.29,12.54
904,140,2025-02-12,20250212,2702.99,Completed,29.61,27.97
905,293,2023-10-06,20231006,2521.9,Completed,8.76,43.53
906,36,2024-08-08,20240808,599.97,Completed,24.45,46.17
907,266,2025-01-21,20250121,239.97,Shipped,15.43,17.42
908,149,2025-04-19,20250419,6223.38,Completed,25.07,2.8
909,65,2024-04-22,20240422,599.98,Completed,13.08,28.96
910,232,2024-06-27,20240627,259.98,Shipped,9.11,44.15
911,113,2023-12-17,20231217,249.5,Completed,10.5,32.76
912,86,2024-01-15,20240115,3497.5,Shipped,27.51,48.41
913,231,2024-02-17,20240217,2001.29,Shipped,6.6,13.64
914,52,2025-05-24,20250524,4229.94,Completed,19.47,15.94
915,168,2024-01-16,20240116,1959.96,Returned,21.45,16.17
916,100,2024-09-19,20240919,3320.87,Completed,6.12,17.23
917,205,2025-05-19,20250519,1259.96,Completed,19.97,48.75
918,257,2024-01-13,20240113,1809.92,Shipped,29.6,23.5
919,76,2024-11-09,20241109,969.46,Cancelled,12.83,15.22
920,148,2025-05-22,20250522,3698.45,Completed,11.55,31.78
921,234,2024-05-10,20240510,2639.1,Completed,19.89,19.37
922,262,2025-03-20,20250320,1059.96,Completed,25.36,48.7
923,150,2023-12-10,20231210,1631.11,Completed,25.77,17.66
924,261,2024-09-20,20240920,1698.97,Shipped,10.78,3.08
925,202,2024-10-09,20241009,966.91,Completed,11.41,26.72
926,168,2023-10-03,20231003,999.96,Cancelled,18.42,18.23
927,203,2025-03-19,20250319,1299.95,Processing,13.47,17.12
928,279,2023-11-08,20231108,175.99,Cancelled,26.58,34.77
929,162,2024-07-04,20240704,747.97,Shipped,20.13,1.17
930,214,2023-09-09,20230909,7052.48,Completed,16.1,1.86
931,116,2024-02-25,20240225,599.99,Completed,7.22,10.68
932,178,2025-01-01,20250101,2461.93,Completed,28.56,28.98
933,123,2024-05-24,20240524,3636.88,Completed,16.64,43.72
934,269,2024-07-05,20240705,739.96,Completed,23.43,18.47
935,257,2024-07-26,20240726,5392.8,Shipped,26.62,20.43
936,138,2024-03-03,20240303,2748.61,Completed,14.86,6.33
937,187,2025-05-25,20250525,708.64,Completed,16.32,17.42
938,93,2024-12-09,20241209,1966.31,Completed,8.71,28.64
939,150,2024-07-28,20240728,4199.34,Shipped,12.85,19.89
940,66,2024-05-03,20240503,3601.37,Completed,19.88,4.56
941,94,2024-06-01,20240601,599.98,Returned,7.69,12.07
942,36,2024-12-17,20241217,1515.92,Completed,11.76,28.95
943,130,2025-05-29,20250529,1386.72,Returned,8.74,18.9
944,209,2025-06-15,20250615,1932.73,Completed,16.96,10.92
945,212,2025-05-27,20250527,1717.9,Completed,18.37,26.27
946,189,2023-12-01,20231201,2059.92,Returned,10.46,11.08
947,229,2024-06-27,20240627,1199.94,Shipped,28.41,40.17
948,300,2025-03-10,20250310,4369.39,Completed,22.42,23.34
949,34,2025-01-16,20250116,1299.97,Completed,28.19,8.65
950,145,2024-06-30,20240630,2419.7,Shipped,6.47,23.65
951,144,2023-12-02,20231202,1059.97,Shipped,25.62,15.32
952,275,2024-11-21,20241121,1109.92,Processing,28.29,4.64
953,35,2025-04-01,20250401,1135.93,Processing,26.35,8.67
954,131,2023-12-23,20231223,558.96,Completed,29.05,44.14
955,80,2024-12-14,20241214,4343.88,Shipped,18.31,46.47
956,183,2025-04-22,20250422,2848.45,Processing,20.85,36.88
957,112,2025-05-16,20250516,1508.53,Completed,8.31,26.58
958,246,2024-06-23,20240623,2685.94,Completed,6.51,26.1
959,183,2025-06-01,20250601,199.99,Cancelled,11.61,40.76
960,198,2024-04-17,20240417,2999.88,Completed,18.68,7.31
961,163,2023-10-01,20231001,1418.1,Completed,15.85,33.63
962,43,2023-11-04,20231104,3471.94,Completed,7.08,26.13
963,128,2025-01-01,20250101,1038.96,Returned,11.87,2.65
964,287,2025-03-24,20250324,3050.1,Shipped,26.26,48.69
965,39,2025-04-09,20250409,3172.78,Completed,10.01,34.73
966,128,2025-07-09,20250709,699.5,Shipped,27.52,34.24
967,57,2025-01-04,20250104,2236.96,Shipped,25.68,28.09
968,143,2025-06-18,20250618,792.93,Completed,18.25,11.26
969,281,2024-12-03,20241203,1299.94,Processing,27.96,25.65
970,130,2024-09-07,20240907,2416.96,Completed,28.62,35.94
971,247,2025-03-05,20250305,1859.41,Completed,7.91,11.91
972,140,2023-12-25,20231225,2500.72,Completed,26.24,22.5
973,150,2024-10-30,20241030,1189.95,Shipped,14.37,23.05
974,252,2023-11-08,20231108,2327.74,Completed,13.41,40.37
975,110,2025-02-22,20250222,2129.93,Shipped,17.11,4.25
976,156,2024-08-14,20240814,1196.13,Shipped,7.54,13.83
977,126,2023-12-08,20231208,408.98,Completed,25.45,43.98
978,256,2023-11-23,20231123,2892.88,Shipped,13.46,7.54
979,145,2024-08-18,20240818,1559.95,Completed,21.92,35.55
980,158,2025-06-19,20250619,2860.94,Completed,29.84,11.71
981,281,2024-11-06,20241106,667.16,Shipped,26.04,45.63
982,300,2023-08-29,20230829,2299.97,Completed,27.64,20.69
983,228,2025-06-02,20250602,845.92,Shipped,11.34,40.33
984,179,2023-09-21,20230921,3046.31,Cancelled,25.43,2.6
985,209,2023-08-14,20230814,2517.37,Completed,19.19,17.35
986,101,2025-01-24,20250124,1919.9,Completed,27.69,31.95
987,72,2024-04-09,20240409,2587.47,Returned,14.94,31.21
988,105,2024-03-20,20240320,809.97,Shipped,23.72,15.78
989,135,2024-07-27,20240727,1489.95,Cancelled,27.99,5.29
990,247,2025-01-17,20250117,1162.74,Completed,23.01,18.18
991,33,2024-05-10,20240510,4592.38,Cancelled,9.37,5.18
992,53,2025-01-06,20250106,5584.99,Completed,12.92,35.0
993,92,2025-04-09,20250409,389.97,Completed,24.35,33.77
994,70,2025-05-09,20250509,494.99,Completed,28.5,8.89
995,180,2024-04-02,20240402,374.66,Processing,22.47,27.22
996,291,2023-08-02,20230802,339.96,Completed,26.19,46.79
997,143,2023-12-01,20231201,4179.86,Shipped,27.86,43.55
998,53,2023-07-23,20230723,2119.9,Completed,19.53,49.95
999,106,2024-08-07,20240807,1829.45,Processing,22.24,21.31
1000,158,2024-08-30,20240830,1839.9,Shipped,14.09,17.07
1001,83,2023-12-12,20231212,4082.93,Completed,24.12,32.69
1002,36,2024-12-24,20241224,1839.91,Processing,17.74,44.51
1003,83,2025-06-10,20250610,129.99,Completed,22.12,47.87
1004,115,2024-11-04,20241104,429.47,Shipped,20.55,9.85
1005,239,2024-04-15,20240415,1618.45,Shipped,10.16,11.95
1006,37,2024-12-01,20241201,2058.35,Shipped,28.65,47.35
1007,241,2023-12-27,20231227,2441.94,Shipped,7.86,26.79
1008,167,2024-02-12,20240212,1618.53,Returned,9.06,10.24
1009,248,2024-12-04,20241204,3711.87,Returned,20.75,14.73
1010,161,2025-05-01,20250501,1899.95,Completed,17.61,30.49
1011,109,2024-02-03,20240203,2066.43,Shipped,16.72,25.25
1012,31,2024-11-27,20241127,5770.41,Completed,15.78,29.29
1013,128,2024-12-28,20241228,1528.95,Completed,18.41,19.13
1014,192,2024-07-31,20240731,1199.95,Completed,20.02,39.7
1015,153,2024-12-19,20241219,4553.5,Completed,8.65,49.52
1016,266,2025-01-03,20250103,1535.93,Shipped,10.14,21.91
1017,218,2023-08-22,20230822,815.15,Completed,10.62,45.0
1018,262,2025-06-04,20250604,2992.31,Cancelled,12.8,8.84
1019,50,2024-02-11,20240211,1277.96,Completed,16.56,40.07
1020,204,2024-01-28,20240128,1479.95,Processing,27.17,13.1
1021,137,2024-04-01,20240401,3095.6,Shipped,18.42,49.88
1022,212,2023-08-29,20230829,1196.36,Returned,10.06,28.35
1023,71,2025-05-08,20250508,1294.08,Completed,12.91,18.29
1024,252,2023-10-23,20231023,319.76,Shipped,18.85,44.8
1025,74,2024-04-18,20240418,431.98,Completed,8.78,39.14
1026,40,2024-05-06,20240506,1749.44,Completed,16.14,34.42
1027,249,2023-10-03,20231003,1309.91,Completed,18.25,7.44
1028,170,2023-11-26,20231126,3769.49,Completed,12.98,34.22
1029,221,2023-08-13,20230813,314.98,Processing,25.64,37.65
1030,172,2024-10-07,20241007,1714.11,Processing,26.03,28.25
1031,220,2024-10-27,20241027,3298.47,Completed,27.9,49.2
1032,31,2023-12-27,20231227,699.98,Processing,8.87,30.47
1033,66,2024-06-29,20240629,432.36,Completed,22.77,10.41
1034,77,2024-10-28,20241028,961.15,Completed,29.82,43.9
1035,284,2025-02-23,20250223,1029.95,Shipped,10.93,17.18
1036,115,2025-01-26,20250126,2882.68,Completed,29.01,34.8
1037,123,2024-04-02,20240402,499.99,Completed,7.01,12.9
1038,217,2023-12-21,20231221,829.08,Shipped,28.72,18.17
1039,140,2024-12-20,20241220,1209.46,Returned,24.55,23.45
1040,233,2023-09-27,20230927,1042.73,Completed,7.27,25.91
1041,250,2025-01-23,20250123,1768.94,Completed,28.63,38.45
1042,213,2024-04-18,20240418,2755.9,Returned,6.58,13.07
1043,245,2024-04-24,20240424,1770.22,Completed,14.95,6.9
1044,142,2025-07-10,20250710,1879.94,Completed,26.46,7.56
1045,32,2025-06-08,20250608,2571.93,Shipped,28.01,36.25
1046,160,2023-12-03,20231203,3250.01,Completed,29.75,17.17
1047,275,2025-03-16,20250316,1074.64,Completed,14.4,44.61
1048,86,2023-07-27,20230727,1889.91,Shipped,9.61,16.65
1049,176,2023-10-29,20231029,1959.95,Returned,13.39,30.57
1050,271,2024-06-13,20240613,2099.97,Shipped,28.67,36.9
1051,135,2024-06-27,20240627,839.95,Completed,21.65,5.61
1052,208,2024-11-06,20241106,1949.94,Shipped,16.43,43.18
1053,52,2023-08-20,20230820,699.94,Completed,26.62,36.97
1054,292,2025-04-29,20250429,999.98,Completed,10.19,32.36
1055,225,2024-12-16,20241216,616.42,Completed,11.14,7.33
1056,207,2024-07-26,20240726,2033.93,Completed,22.51,46.15
1057,153,2025-05-29,20250529,1386.31,Shipped,24.47,0.74
1058,155,2023-07-31,20230731,2874.87,Cancelled,18.37,32.82
1059,101,2024-10-19,20241019,569.94,Processing,18.41,26.41
1060,209,2023-12-22,20231222,169.98,Returned,24.67,33.5
1061,243,2025-06-29,20250629,199.98,Completed,16.95,17.66
1062,210,2025-05-28,20250528,1156.11,Completed,17.27,35.98
1063,188,2025-01-10,20250110,2700.51,Processing,9.62,36.81
1064,293,2023-09-26,20230926,2438.71,Completed,9.61,45.89
1065,158,2023-12-02,20231202,2234.4,Shipped,15.5,25.04
1066,110,2024-10-28,20241028,551.98,Completed,13.47,37.82
1067,278,2023-12-06,20231206,3512.53,Shipped,10.37,20.74
1068,184,2024-04-25,20240425,999.98,Processing,29.65,19.24
1069,288,2023-09-12,20230912,1454.93,Completed,19.43,7.56
1070,264,2024-11-27,20241127,7448.86,Shipped,15.26,27.74
1071,98,2023-12-25,20231225,894.18,Completed,28.6,27.52
1072,262,2023-11-20,20231120,455.17,Processing,27.45,42.41
1073,88,2023-08-14,20230814,3599.89,Completed,18.2,28.78
1074,233,2024-10-27,20241027,824.81,Completed,16.33,31.65
1075,292,2024-02-26,20240226,3182.4,Processing,7.64,15.28
1076,112,2025-03-19,20250319,659.97,Cancelled,24.2,20.68
1077,73,2024-01-17,20240117,1459.94,Completed,25.82,18.5
1078,85,2024-11-22,20241122,2339.03,Completed,29.5,22.27
1079,156,2025-01-24,20250124,5093.68,Cancelled,14.43,35.72
1080,229,2024-07-24,20240724,2148.46,Completed,7.93,3.71
1081,141,2025-04-04,20250404,3977.42,Shipped,14.25,22.16
1082,182,2024-08-02,20240802,899.97,Completed,15.45,27.8
1083,105,2024-02-07,20240207,1559.45,Completed,16.94,42.19
1084,164,2023-12-04,20231204,2955.94,Completed,6.95,3.29
1085,63,2025-03-22,20250322,2219.9,Shipped,22.24,11.09
1086,252,2025-01-27,20250127,3534.41,Completed,21.28,0.89
1087,148,2025-03-19,20250319,1744.44,Completed,17.07,43.6
1088,292,2025-03-05,20250305,1199.98,Completed,23.48,28.23
1089,228,2024-06-28,20240628,613.64,Completed,27.02,45.6
1090,106,2023-11-18,20231118,1613.3,Completed,9.85,43.93
1091,278,2024-02-08,20240208,2981.93,Completed,20.75,11.68
1092,55,2023-11-09,20231109,1329.92,Completed,16.86,38.89
1093,131,2025-01-23,20250123,350.97,Completed,10.99,14.03
1094,129,2024-05-15,20240515,5095.9,Completed,7.3,10.43
1095,127,2025-02-12,20250212,1739.91,Completed,11.2,4.01
1096,175,2024-04-27,20240427,1169.94,Completed,25.02,23.47
1097,291,2023-09-15,20230915,1602.5,Shipped,29.0,7.94
1098,178,2023-12-27,20231227,3463.46,Completed,7.39,41.28
1099,204,2025-04-18,20250418,2368.71,Completed,8.74,21.98
1100,143,2025-07-17,20250717,477.05,Completed,7.29,30.97
1101,73,2025-05-22,20250522,1668.43,Processing,14.18,29.6
1102,180,2024-09-15,20240915,1799.94,Completed,6.91,12.08
1103,196,2024-03-19,20240319,3650.69,Completed,29.27,39.2
1104,183,2023-08-18,20230818,542.97,Cancelled,29.1,16.99
1105,107,2024-06-02,20240602,726.96,Processing,7.74,42.35
1106,284,2024-03-27,20240327,86.99,Shipped,13.98,21.79
1107,74,2025-05-20,20250520,689.96,Completed,8.64,36.38
1108,58,2024-06-05,20240605,1015.48,Completed,24.85,36.59
1109,68,2023-08-10,20230810,3075.41,Completed,16.59,41.54
1110,181,2024-08-15,20240815,989.94,Completed,29.23,32.79
1111,54,2025-03-27,20250327,2662.13,Shipped,28.08,14.75
1112,278,2023-09-15,20230915,3210.44,Completed,16.06,26.85
1113,164,2024-11-21,20241121,1456.68,Shipped,18.12,6.98
1114,35,2024-06-01,20240601,869.94,Shipped,10.23,32.49
1115,92,2024-11-28,20241128,1449.93,Completed,23.02,33.78
1116,119,2024-07-26,20240726,389.97,Completed,28.5,46.14
1117,52,2024-07-12,20240712,299.95,Completed,24.98,27.18
1118,191,2025-02-04,20250204,1309.95,Cancelled,27.72,29.59
1119,174,2024-05-19,20240519,874.95,Completed,26.66,39.75
1120,173,2023-08-11,20230811,2198.46,Processing,19.49,28.28
1121,97,2024-10-13,20241013,1249.22,Shipped,16.05,42.23
1122,205,2023-09-17,20230917,4009.92,Shipped,21.49,1.67
1123,90,2024-05-06,20240506,2844.29,Shipped,26.71,5.54
1124,259,2025-06-23,20250623,1031.96,Completed,24.56,3.97
1125,180,2024-06-27,20240627,4050.33,Processing,6.85,4.81
1126,243,2023-11-28,20231128,1021.95,Cancelled,23.74,20.71
1127,164,2025-02-18,20250218,2461.4,Completed,11.4,15.66
1128,277,2025-03-06,20250306,1505.91,Shipped,9.25,47.76
1129,65,2024-09-19,20240919,1544.93,Completed,24.51,44.05
1130,107,2024-10-08,20241008,2098.98,Completed,28.31,7.87
1131,150,2024-02-20,20240220,1982.05,Completed,21.4,37.47
1132,151,2023-10-06,20231006,4030.33,Processing,10.34,14.78
1133,114,2025-05-31,20250531,2288.9,Completed,29.91,9.92
1134,78,2024-02-19,20240219,2847.59,Completed,21.6,22.41
1135,151,2024-04-15,20240415,1818.64,Shipped,13.77,11.54
1136,122,2025-05-28,20250528,1320.96,Cancelled,12.31,20.9
1137,158,2024-04-20,20240420,3265.52,Shipped,7.61,29.47
1138,276,2023-10-24,20231024,2548.48,Cancelled,23.0,2.36
1139,169,2024-03-20,20240320,900.95,Completed,11.59,23.1
1140,69,2025-05-30,20250530,3880.45,Shipped,22.69,33.38
1141,250,2024-04-17,20240417,544.57,Completed,19.78,49.87
1142,285,2025-01-31,20250131,699.97,Cancelled,18.8,11.44
1143,91,2024-03-02,20240302,129.99,Completed,18.93,16.9
1144,243,2024-07-29,20240729,1371.05,Shipped,13.76,16.63
1145,137,2025-07-11,20250711,1399.0,Completed,15.53,47.42
1146,207,2024-05-10,20240510,449.97,Shipped,11.22,39.65
1147,213,2024-09-01,20240901,1149.97,Completed,25.83,37.59
1148,140,2024-11-07,20241107,2364.43,Completed,21.77,34.02
1149,126,2024-08-08,20240808,1499.9,Completed,24.31,15.71
1150,56,2023-12-03,20231203,2057.88,Completed,24.24,44.42
1151,221,2023-07-20,20230720,1199.98,Completed,29.14,0.14
1152,208,2024-11-10,20241110,2496.6,Completed,28.43,36.69
1153,48,2024-04-22,20240422,2281.9,Shipped,6.75,45.98
1154,201,2024-05-17,20240517,1499.97,Cancelled,24.51,35.75
1155,75,2024-07-07,20240707,3899.92,Completed,28.45,33.77
1156,293,2024-06-12,20240612,389.99,Completed,20.6,33.88
1157,134,2024-04-06,20240406,3942.44,Completed,9.8,39.6
1158,115,2025-01-18,20250118,1056.77,Completed,16.75,32.61
1159,76,2023-08-15,20230815,2375.81,Processing,26.42,14.56
1160,141,2023-11-14,20231114,1281.49,Completed,11.35,34.97
1161,250,2023-11-19,20231119,1187.97,Completed,6.83,39.09
1162,237,2025-04-28,20250428,1445.94,Completed,9.43,8.23
1163,130,2025-03-15,20250315,2844.91,Cancelled,23.01,13.35
1164,222,2023-08-28,20230828,4699.88,Returned,18.74,35.1
1165,189,2024-05-14,20240514,3498.94,Processing,24.26,31.51
1166,241,2023-11-19,20231119,3154.37,Completed,25.67,23.12
1167,266,2024-12-31,20241231,199.99,Completed,10.39,1.35
1168,61,2024-05-26,20240526,2229.9,Completed,8.87,13.82
1169,131,2024-05-31,20240531,1785.53,Returned,6.47,19.87
1170,73,2024-07-03,20240703,1706.73,Processing,17.0,38.73
1171,154,2024-10-21,20241021,2828.44,Shipped,9.22,12.57
1172,98,2023-08-15,20230815,2440.94,Completed,13.42,4.03
1173,167,2024-04-18,20240418,5928.92,Completed,14.67,18.76
1174,143,2023-09-30,20230930,2604.09,Shipped,11.44,24.53
1175,225,2025-05-17,20250517,1229.96,Cancelled,15.3,25.59
1176,55,2023-10-20,20231020,3637.96,Completed,19.44,35.88
1177,226,2024-12-26,20241226,3363.0,Completed,19.75,43.98
1178,159,2025-04-09,20250409,2259.88,Completed,21.04,36.8
1179,72,2025-07-09,20250709,3107.47,Returned,26.12,37.92
1180,231,2025-04-23,20250423,1887.93,Completed,27.71,29.83
1181,125,2025-05-17,20250517,2109.61,Completed,24.88,23.16
1182,277,2024-10-15,20241015,2298.97,Shipped,19.07,42.0
1183,86,2024-07-31,20240731,2923.7,Shipped,7.25,44.48
1184,106,2024-07-23,20240723,1049.93,Processing,19.87,4.72
1185,257,2023-10-11,20231011,3687.29,Completed,28.79,36.92
1186,99,2025-01-03,20250103,2442.41,Processing,9.02,21.87
1187,214,2023-09-03,20230903,2991.89,Completed,28.74,9.38
1188,272,2023-09-15,20230915,2489.92,Completed,19.43,3.42
1189,31,2023-08-16,20230816,1879.43,Completed,14.94,31.1
1190,56,2024-02-12,20240212,2399.92,Completed,17.74,23.84
1191,43,2025-05-17,20250517,2135.85,Completed,21.02,37.95
1192,181,2023-10-19,20231019,2064.33,Completed,11.19,40.51
1193,254,2023-10-15,20231015,3810.41,Completed,19.49,12.45
1194,257,2023-09-27,20230927,4225.89,Completed,29.02,20.26
1195,213,2025-01-20,20250120,1397.5,Shipped,29.87,13.73
1196,295,2025-06-24,20250624,1231.47,Completed,11.75,25.15
1197,47,2023-12-02,20231202,6005.07,Completed,22.13,45.42
1198,63,2024-02-12,20240212,2800.89,Cancelled,8.42,3.21
1199,50,2024-12-09,20241209,1149.94,Shipped,29.13,16.48
1200,47,2025-06-27,20250627,5809.36,Processing,23.97,20.49
1201,237,2025-04-10,20250410,2788.19,Completed,15.91,47.28
1202,47,2023-10-30,20231030,1027.95,Shipped,29.79,3.19
1203,112,2024-06-07,20240607,2818.32,Shipped,21.46,8.28
1204,267,2024-02-06,20240206,869.95,Completed,16.69,30.42
1205,194,2025-04-23,20250423,456.16,Cancelled,19.87,22.12
1206,177,2024-03-29,20240329,4737.22,Completed,18.42,35.08
1207,296,2024-09-11,20240911,1969.92,Completed,24.42,5.49
1208,244,2025-03-06,20250306,299.99,Completed,28.62,41.98
1209,60,2024-02-06,20240206,699.98,Processing,29.68,3.88
1210,271,2024-09-29,20240929,399.98,Completed,18.04,14.83
1211,124,2023-10-08,20231008,529.97,Shipped,25.27,2.4
1212,98,2024-01-15,20240115,271.97,Shipped,28.78,12.76
1213,111,2024-05-06,20240506,2489.92,Completed,20.45,46.96
1214,266,2023-12-29,20231229,2135.48,Completed,24.03,13.93
1215,144,2025-02-22,20250222,3546.42,Processing,21.46,27.31
1216,187,2023-10-28,20231028,2273.95,Completed,15.87,30.65
1217,84,2024-08-09,20240809,278.36,Completed,20.11,43.61
1218,233,2025-05-13,20250513,863.94,Shipped,8.32,6.72
1219,99,2024-04-02,20240402,2311.93,Processing,27.09,4.93
1220,91,2024-12-25,20241225,1008.48,Completed,18.93,41.0
1221,142,2024-05-09,20240509,951.61,Processing,10.16,0.24
1222,86,2023-10-06,20231006,2099.94,Shipped,27.23,5.18
1223,112,2025-05-12,20250512,1952.11,Completed,22.16,30.52
1224,46,2023-12-10,20231210,399.99,Completed,28.54,16.63
1225,117,2024-12-10,20241210,4719.9,Completed,29.22,7.2
1226,121,2025-05-23,20250523,696.99,Completed,22.33,7.37
1227,168,2025-02-21,20250221,985.94,Processing,14.88,47.86
1228,279,2024-09-25,20240925,619.76,Completed,9.14,26.89
1229,120,2025-03-15,20250315,2764.9,Completed,23.27,22.5
1230,180,2025-04-22,20250422,2898.94,Processing,17.99,34.02
1231,226,2024-03-19,20240319,1127.11,Shipped,27.93,31.15
1232,213,2024-11-27,20241127,949.96,Completed,25.48,37.28
1233,141,2024-10-04,20241004,2528.45,Shipped,19.75,9.91
1234,207,2024-03-31,20240331,419.99,Processing,27.86,1.98
1235,129,2024-07-05,20240705,2794.54,Completed,11.96,31.34
1236,163,2023-08-18,20230818,548.36,Completed,19.45,45.41
1237,151,2025-04-21,20250421,1643.94,Completed,29.79,0.84
1238,284,2024-09-08,20240908,259.98,Processing,7.3,14.9
1239,97,2023-12-10,20231210,3769.89,Shipped,26.36,21.24
1240,252,2024-07-25,20240725,1633.41,Completed,8.27,28.72
1241,144,2023-12-27,20231227,1139.96,Completed,20.77,8.22
1242,297,2024-03-18,20240318,1899.92,Completed,16.75,42.68
1243,72,2025-02-20,20250220,4699.92,Completed,13.92,24.93
1244,152,2025-02-28,20250228,3549.45,Returned,19.09,40.51
1245,291,2023-11-22,20231122,2263.86,Processing,15.01,12.95
1246,180,2023-11-29,20231129,1321.72,Completed,7.63,10.09
1247,56,2025-03-31,20250331,2149.93,Cancelled,25.31,9.89
1248,224,2024-05-06,20240506,849.48,Shipped,29.61,41.25
1249,60,2024-01-26,20240126,1705.96,Shipped,16.56,42.5
1250,170,2024-06-27,20240627,1075.97,Completed,10.05,19.14
1251,113,2025-01-29,20250129,2099.94,Completed,20.98,10.94
1252,105,2024-09-27,20240927,799.96,Shipped,11.63,8.28
1253,297,2024-06-19,20240619,389.97,Completed,16.81,44.3
1254,177,2023-10-31,20231031,675.15,Shipped,15.04,39.73
1255,185,2024-10-19,20241019,599.97,Shipped,6.07,21.32
1256,269,2024-08-22,20240822,519.96,Cancelled,21.14,28.77
1257,205,2023-12-05,20231205,907.34,Returned,7.3,25.9
1258,105,2024-11-05,20241105,1828.21,Completed,24.24,48.07
1259,262,2024-10-21,20241021,1019.17,Shipped,9.65,50.0
1260,248,2023-08-31,20230831,2188.95,Shipped,25.67,14.59
1261,265,2024-06-10,20240610,599.98,Completed,9.99,23.0
1262,225,2023-09-26,20230926,1223.43,Completed,26.56,41.95
1263,63,2024-05-03,20240503,1412.0,Completed,8.9,47.02
1264,93,2024-02-27,20240227,2134.1,Completed,21.38,34.7
1265,141,2024-08-10,20240810,259.98,Completed,29.02,2.88
1266,171,2025-01-18,20250118,2699.97,Processing,7.05,47.73
1267,69,2025-01-01,20250101,2109.91,Completed,10.82,14.04
1268,293,2024-11-12,20241112,2858.88,Completed,7.27,26.45
1269,275,2024-02-17,20240217,689.94,Completed,13.45,23.95
1270,52,2024-10-10,20241010,202.18,Shipped,25.0,0.76
1271,124,2024-10-07,20241007,49.79,Completed,15.2,15.11
1272,65,2024-09-07,20240907,1904.94,Shipped,14.19,9.16
1273,128,2025-06-10,20250610,1086.64,Processing,16.97,20.2
1274,57,2025-03-19,20250319,2245.92,Completed,24.63,42.12
1275,77,2023-10-10,20231010,1671.28,Completed,18.67,43.42
1276,224,2024-12-24,20241224,1199.95,Completed,27.69,43.36
1277,90,2025-07-14,20250714,2799.95,Completed,20.52,30.67
1278,258,2023-11-23,20231123,1717.57,Completed,28.64,6.71
1279,211,2024-11-17,20241117,1653.92,Completed,14.49,39.76
1280,41,2025-04-26,20250426,1108.7,Shipped,25.06,13.31
1281,55,2024-01-31,20240131,2387.93,Completed,22.3,9.04
1282,255,2023-10-25,20231025,699.98,Shipped,18.11,8.0
1283,286,2024-04-21,20240421,5753.9,Shipped,22.78,5.47
1284,58,2023-11-16,20231116,2010.72,Completed,28.81,22.46
1285,97,2025-03-10,20250310,1651.9,Completed,9.53,47.44
1286,245,2024-03-06,20240306,1318.19,Completed,12.02,31.64
1287,107,2025-07-16,20250716,3032.25,Completed,8.14,41.54
1288,278,2025-01-25,20250125,689.45,Cancelled,19.37,28.3
1289,225,2024-01-01,20240101,996.72,Shipped,26.83,0.31
1290,120,2024-04-09,20240409,799.98,Cancelled,18.24,3.73
1291,120,2024-02-14,20240214,1892.95,Completed,12.96,42.81
1292,287,2025-07-10,20250710,2908.94,Completed,8.73,2.85
1293,291,2024-08-25,20240825,4710.04,Completed,17.67,0.69
1294,147,2024-11-21,20241121,3475.54,Processing,22.69,30.4
1295,113,2023-09-19,20230919,1729.05,Completed,13.7,5.95
1296,272,2024-04-26,20240426,1590.27,Processing,6.96,23.29
1297,247,2023-12-07,20231207,4078.45,Completed,19.36,19.74
1298,46,2023-09-29,20230929,4689.36,Shipped,17.26,18.95
1299,242,2025-03-28,20250328,1977.44,Completed,16.84,22.39
1300,126,2025-06-29,20250629,2876.34,Returned,15.03,42.91
1301,189,2025-04-02,20250402,393.98,Completed,17.72,36.44
1302,161,2025-02-18,20250218,3969.88,Completed,24.98,26.42
1303,100,2024-10-04,20241004,2634.87,Completed,20.8,30.9
1304,101,2023-08-23,20230823,1299.95,Completed,26.28,8.77
1305,283,2025-04-22,20250422,890.15,Completed,29.01,43.27
1306,104,2025-03-02,20250302,1545.91,Shipped,9.84,45.75
1307,186,2024-12-12,20241212,2400.21,Completed,13.01,14.21
1308,258,2024-01-31,20240131,3125.47,Completed,12.75,21.2
1309,42,2023-10-05,20231005,1624.74,Completed,19.69,31.23
1310,119,2024-02-29,20240229,4866.05,Processing,18.42,5.68
1311,219,2024-03-23,20240323,2057.93,Completed,19.32,28.75
1312,180,2024-01-07,20240107,3556.91,Completed,8.5,0.56
1313,249,2025-03-12,20250312,1199.96,Cancelled,29.37,21.37
1314,66,2023-11-27,20231127,2693.9,Completed,12.22,12.68
1315,247,2024-05-15,20240515,2169.92,Completed,19.25,3.32
1316,52,2023-10-28,20231028,1201.44,Completed,19.41,6.81
1317,35,2024-12-09,20241209,3276.89,Completed,23.39,1.34
1318,34,2024-02-13,20240213,1599.94,Processing,21.2,4.41
1319,231,2024-07-19,20240719,159.98,Shipped,25.07,31.6
1320,102,2024-09-23,20240923,1503.97,Shipped,23.89,8.18
1321,278,2023-10-31,20231031,2546.26,Shipped,23.16,26.58
1322,65,2023-11-20,20231120,2268.13,Shipped,13.75,42.48
1323,279,2025-05-28,20250528,1598.97,Completed,6.14,40.09
1324,45,2023-10-17,20231017,4387.43,Processing,25.16,20.68
1325,253,2025-04-30,20250430,2470.88,Cancelled,21.55,33.95
1326,143,2024-02-21,20240221,599.98,Returned,14.93,44.36
1327,226,2024-08-01,20240801,1593.76,Completed,22.8,40.02
1328,89,2025-04-19,20250419,195.99,Shipped,18.41,30.6
1329,82,2023-07-19,20230719,149.99,Shipped,15.64,33.34
1330,286,2024-11-14,20241114,399.99,Completed,20.18,31.85
1331,284,2023-08-27,20230827,879.98,Completed,24.2,10.36
1332,241,2024-01-28,20240128,3111.41,Processing,12.69,4.53
1333,223,2024-11-28,20241128,3789.86,Completed,25.23,3.04
1334,248,2024-02-19,20240219,749.96,Cancelled,18.85,44.8
1335,60,2025-05-06,20250506,1577.71,Completed,8.9,15.06
1336,133,2025-05-25,20250525,1157.93,Completed,16.74,30.57
1337,229,2024-07-12,20240712,3440.89,Shipped,24.12,46.86
1338,67,2024-06-04,20240604,3219.88,Completed,12.04,16.77
1339,87,2024-11-30,20241130,615.98,Completed,12.3,14.03
1340,149,2023-07-20,20230720,5447.88,Shipped,12.14,33.76
1341,297,2024-10-07,20241007,957.95,Completed,23.57,17.86
1342,265,2024-03-01,20240301,3019.94,Completed,19.39,27.8
1343,227,2023-08-28,20230828,4627.91,Shipped,23.11,31.63
1344,213,2025-05-25,20250525,999.96,Shipped,28.31,21.58
1345,290,2024-05-03,20240503,3595.88,Completed,27.64,16.93
1346,205,2024-09-11,20240911,2274.22,Completed,26.62,27.93
1347,131,2023-07-26,20230726,2335.9,Completed,28.19,32.87
